COUNTY,CODE,Rate Per 100k
ABBEVILLE,45001,14.5123839
ACADIA,22001,13.7605284
ACCOMACK,51001,14.64325373
ADA,16001,15.05855357
ADAIR,19001,0
ADAIR,21001,16.63011506
ADAIR,29001,16.52827516
ADAIR,40001,27.20372872
ADAMS,8001,20.19895569
ADAMS,16003,0
ADAMS,17001,16.54115439
ADAMS,18001,10.78748652
ADAMS,19003,0
ADAMS,28001,12.78494445
ADAMS,31001,0
ADAMS,38001,0
ADAMS,39001,45.15805319
ADAMS,42001,15.84085611
ADAMS,53001,0
ADAMS,55001,28.78326204
ADDISON,50001,10.82532259
AIKEN,45003,23.57530935
AITKIN,27001,19.03867389
ALACHUA,12001,11.69555113
ALAMANCE,37001,18.44046036
ALAMEDA,6001,10.97634397
ALAMOSA,8003,21.80206151
ALBANY,36001,13.60873084
ALBANY,56001,10.99729781
ALBEMARLE,51003,6.74801777
ALCONA,26001,0
ALCORN,28003,15.57406542
ALEUTIANS EAST,2013,0
ALEUTIANS WEST,2016,0
ALEXANDER,17003,0
ALEXANDER,37003,22.48586603
ALEXANDRIA,51510,8.200281628
ALFALFA,40003,0
ALGER,26003,0
ALLAMAKEE,19005,0
ALLEGAN,26005,14.19190923
ALLEGANY,24001,41.36590783
ALLEGANY,36003,9.762350434
ALLEGHANY,37005,21.91540653
ALLEGHANY,51005,18.15258545
ALLEGHENY,42003,42.53840899
ALLEN,18003,19.96762008
ALLEN,20001,0
ALLEN,21003,19.28454344
ALLEN,39003,24.85223516
ALLEN,22003,11.69080168
ALLENDALE,45005,0
ALPENA,26007,15.35058646
ALPINE,6003,0
AMADOR,6005,21.67763767
AMELIA,51007,0
AMHERST,51009,0
AMITE,28005,0
ANCHORAGE,2020,20.48806065
ANDERSON,20003,0
ANDERSON,21005,32.36478711
ANDERSON,45007,19.93263583
ANDERSON,47001,43.95292037
ANDERSON,48001,14.54600868
ANDREW,29003,0
ANDREWS,48003,0
ANDROSCOGGIN,23001,25.49681569
ANGELINA,48005,12.53724131
ANNE ARUNDEL,24003,35.04648233
ANOKA,27003,12.83705915
ANSON,37007,14.19110691
ANTELOPE,31003,0
ANTRIM,26009,15.48760131
APACHE,4001,11.67191903
APPANOOSE,19007,0
APPLING,13001,14.06165495
APPOMATTOX,51011,0
ARANSAS,48007,19.13768769
ARAPAHOE,8005,15.90568745
ARCHER,48009,22.81854691
ARCHULETA,8007,0
ARENAC,26011,0
ARKANSAS,5001,18.68604153
ARLINGTON,51013,7.595321282
ARMSTRONG,42005,46.95570512
ARMSTRONG,48011,0
AROOSTOOK,23003,14.6714476
ARTHUR,31005,0
ASCENSION,22005,20.96778721
ASHE,37009,16.27989581
ASHLAND,39005,16.83671751
ASHLAND,55003,20.31488065
ASHLEY,5003,11.69510852
ASHTABULA,39007,36.02408118
ASOTIN,53003,25.05704953
ASSUMPTION,22007,14.10972072
ATASCOSA,48013,9.414769727
ATCHISON,20005,13.44480297
ATCHISON,29005,0
ATHENS,39009,13.36573512
ATKINSON,13003,0
ATLANTIC,34001,39.46108694
ATOKA,40005,20.25345755
ATTALA,28007,0
AUDRAIN,29007,0
AUDUBON,19009,0
AUGLAIZE,39011,8.72627
AUGUSTA,51015,13.91215012
AURORA,46003,0
AUSTIN,48015,6.747183051
AUTAUGA,1001,11.18072011
AVERY,37011,17.04177507
AVOYELLES,22009,20.99537613
BACA,8009,0
BACON,13005,0
BAILEY,48017,0
BAKER,12003,19.41217071
BAKER,13007,0
BAKER,41001,16.21291296
BALDWIN,1003,16.6821184
BALDWIN,13009,5.746084927
BALLARD,21007,24.67673477
BALTIMORE,24005,41.20503771
BALTIMORE,24510,77.63265309
BAMBERG,45009,0
BANDERA,48019,10.99787374
BANKS,13011,17.23970736
BANNER,31007,0
BANNOCK,16005,24.53553524
BARAGA,26013,0
BARBER,20007,0
BARBOUR,1005,0
BARBOUR,54001,18.000072
BARNES,38003,0
BARNSTABLE,25001,37.83702984
BARNWELL,45011,15.79573329
BARREN,21009,15.54726368
BARRON,55005,10.57991139
BARROW,13013,17.63458037
BARRY,26015,12.664978
BARRY,29009,11.18712139
BARTHOLOMEW,18005,22.32723383
BARTON,20009,7.471049682
BARTON,29011,0
BARTOW,13015,20.97154027
BASTROP,48021,8.957406322
BATES,29013,29.23228706
BATH,21011,35.75956568
BATH,51017,0
BAXTER,5005,23.3070805
BAY,12005,21.23830251
BAY,26017,24.20213932
BAYFIELD,55007,0
BAYLOR,48023,0
BEADLE,46005,13.08871971
BEAR LAKE,16007,0
BEAUFORT,37013,27.85644645
BEAUFORT,45013,10.50157031
BEAUREGARD,22011,7.618301336
BEAVER,40007,0
BEAVER,42007,40.76148673
BEAVER,49001,0
BEAVERHEAD,30001,0
BECKER,27005,23.09769734
BECKHAM,40009,24.67395136
BEDFORD,42009,23.50389464
BEDFORD,47003,16.77507559
BEDFORD,51019,12.08263494
BEDFORD,51515,0
BEE,48025,7.333304815
BELKNAP,33001,35.58109194
BELL,21013,51.58627805
BELL,48027,9.777706478
BELMONT,39013,29.16965656
BELTRAMI,27007,16.03105692
BEN HILL,13017,0
BENEWAH,16009,24.08477842
BENNETT,46007,0
BENNINGTON,50003,22.75527534
BENSON,38005,0
BENT,8011,0
BENTON,5007,14.50520946
BENTON,18007,0
BENTON,19011,0
BENTON,27009,16.0248385
BENTON,28009,0
BENTON,29015,22.18302048
BENTON,41003,7.617767322
BENTON,47005,36.0436501
BENTON,53005,15.97067166
BENZIE,26019,22.75986071
BERGEN,34003,12.98887407
BERKELEY,45015,18.74553366
BERKELEY,54003,60.74307265
BERKS,42011,21.42397371
BERKSHIRE,25003,32.22728252
BERNALILLO,35001,28.98368316
BERRIEN,13019,0
BERRIEN,26021,20.58841429
BERTIE,37015,14.22634109
BETHEL,2050,0
BEXAR,48029,11.32240967
BIBB,1007,25.70921986
BIBB,13021,10.56967963
BIENVILLE,22013,0
BIG HORN,30003,0
BIG HORN,56003,16.73808249
BIG STONE,27011,0
BILLINGS,38007,0
BINGHAM,16011,12.30104163
BLACK HAWK,19013,10.38668577
BLACKFORD,18009,41.14955394
BLADEN,37017,23.61498134
BLAINE,16013,9.133254178
BLAINE,30005,0
BLAINE,31009,0
BLAINE,40011,35.14139243
BLAIR,42013,27.80693309
BLANCO,48031,0
BLAND,51021,0
BLECKLEY,13023,0
BLEDSOE,47007,19.28906035
BLOUNT,1009,23.18748291
BLOUNT,47009,32.63200423
BLUE EARTH,27013,6.626246563
BOISE,16015,0
BOLIVAR,28011,0
BOLLINGER,29017,0
BON HOMME,46009,0
BOND,17005,27.18001442
BONNER,16017,12.13439307
BONNEVILLE,16019,22.75988499
BOONE,5009,12.32695369
BOONE,17007,19.39958291
BOONE,18011,19.82737789
BOONE,19015,7.55070297
BOONE,21015,35.818285
BOONE,29019,13.14356741
BOONE,31011,0
BOONE,54005,75.30516103
BORDEN,48033,0
BOSQUE,48035,14.31954618
BOSSIER,22015,9.823883127
BOTETOURT,51023,13.24128633
BOTTINEAU,38009,0
BOULDER,8013,12.90907583
BOUNDARY,16021,0
BOURBON,20011,0
BOURBON,21017,25.91422392
BOWIE,48037,9.171181163
BOWMAN,38011,0
BOX BUTTE,31013,0
BOX ELDER,49003,22.19856048
BOYD,21019,54.88382923
BOYD,31015,0
BOYLE,21021,30.08886244
BRACKEN,21023,33.62717075
BRADFORD,12007,16.99599486
BRADFORD,42015,21.60244304
BRADLEY,5011,0
BRADLEY,47011,24.62569892
BRANCH,26023,16.99836448
BRANTLEY,13025,28.00064617
BRAXTON,54007,25.11335891
BRAZORIA,48039,9.371711433
BRAZOS,48041,6.580185963
BREATHITT,21025,31.89114489
BRECKINRIDGE,21027,11.95624016
BREMER,19017,0
BREVARD,12009,34.18550272
BREWSTER,48043,23.84978969
BRISCOE,48045,0
BRISTOL,25005,42.9727404
BRISTOL,44001,23.69552073
BRISTOL,2060,0
BRISTOL BAY,51520,23.65268399
BROADWATER,30007,0
BRONX,36005,23.79831275
BROOKE,54009,41.92029903
BROOKINGS,46011,7.609770946
BROOKS,13027,0
BROOKS,48047,0
BROOME,36007,28.21820988
BROOMFIELD,8014,13.88302046
BROWARD,12011,21.83545396
BROWN,17009,0
BROWN,18013,22.63045793
BROWN,20013,0
BROWN,27015,14.25844219
BROWN,31017,0
BROWN,39015,54.82155584
BROWN,46013,8.21291995
BROWN,48049,11.59133179
BROWN,55009,12.60356635
BRULE,46015,0
BRUNSWICK,37019,28.29321199
BRUNSWICK,51025,13.40368236
BRYAN,13029,12.19228339
BRYAN,40013,23.63714358
BUCHANAN,19019,9.479301944
BUCHANAN,29021,13.47829994
BUCHANAN,51027,38.81041563
BUCKINGHAM,51029,0
BUCKS,42017,35.25676071
BUENA VISTA,19021,0
BUENA VISTA,51530,0
BUFFALO,31019,5.288486964
BUFFALO,46017,0
BUFFALO,55011,0
BULLITT,21029,31.98001627
BULLOCH,13031,4.826966654
BULLOCK,1011,0
BUNCOMBE,37021,28.82849007
BUREAU,17011,16.7642586
BURKE,13033,14.14839902
BURKE,37023,33.56801103
BURKE,38013,0
BURLEIGH,38015,7.260551289
BURLESON,48051,0
BURLINGTON,34005,28.53051785
BURNET,48053,11.68856469
BURNETT,55013,14.38961854
BURT,31021,0
BUTLER,1013,0
BUTLER,19023,0
BUTLER,20015,14.38693666
BUTLER,21031,28.01076858
BUTLER,29023,27.10698379
BUTLER,31023,0
BUTLER,39017,55.26088957
BUTLER,42019,34.13210301
BUTTE,6007,29.46179026
BUTTE,16023,0
BUTTE,46019,0
BUTTS,13035,21.00310846
CABARRUS,37025,22.90146718
CABELL,54011,107.7130941
CACHE,49005,11.73814162
CADDO,40015,24.59570805
CADDO,22017,12.15372938
CALAVERAS,6009,18.592709
CALCASIEU,22019,14.06975004
CALDWELL,21033,18.94896412
CALDWELL,29025,0
CALDWELL,37027,29.15023394
CALDWELL,48055,8.692376786
CALDWELL,22021,0
CALEDONIA,50005,19.00891453
CALHOUN,1015,18.60377778
CALHOUN,5013,0
CALHOUN,12013,15.17513485
CALHOUN,13037,0
CALHOUN,17013,0
CALHOUN,19025,0
CALHOUN,26025,33.62129626
CALHOUN,28013,0
CALHOUN,45017,0
CALHOUN,48057,10.09526257
CALHOUN,54013,0
CALLAHAN,48059,0
CALLAWAY,29027,16.92024775
CALLOWAY,21035,10.35646969
CALUMET,55015,7.629541585
CALVERT,24009,34.43254292
CAMAS,16025,0
CAMBRIA,42021,50.47063871
CAMDEN,13039,12.12773537
CAMDEN,29029,18.2870804
CAMDEN,34007,42.19760085
CAMDEN,37029,0
CAMERON,42023,0
CAMERON,48061,4.024019134
CAMERON,22023,0
CAMP,48063,15.61085266
CAMPBELL,21037,63.67081754
CAMPBELL,46021,0
CAMPBELL,47013,44.30682476
CAMPBELL,51031,13.82290674
CAMPBELL,56005,15.49900513
CANADIAN,40017,13.30671989
CANDLER,13043,0
CANNON,47015,35.56086598
CANYON,16027,11.48216923
CAPE GIRARDEAU,29031,15.54369818
CAPE MAY,34009,38.88537103
CARBON,30009,18.98361714
CARBON,42025,41.86518785
CARBON,49007,49.95004995
CARBON,56007,32.33943471
CARIBOU,16029,0
CARLISLE,21039,0
CARLTON,27017,19.07829395
CAROLINE,24011,37.69821967
CAROLINE,51033,24.47527005
CARROLL,5015,18.66997939
CARROLL,13045,21.52085285
CARROLL,17015,0
CARROLL,18015,14.01191012
CARROLL,19027,0
CARROLL,21041,39.14769867
CARROLL,24013,33.24107644
CARROLL,28015,0
CARROLL,29033,0
CARROLL,33003,29.73000134
CARROLL,39019,17.3745593
CARROLL,47017,11.40803696
CARROLL,51035,14.84280124
CARSON,48065,0
CARSON CITY,32510,34.31358234
CARTER,21043,38.35515397
CARTER,29035,0
CARTER,30011,0
CARTER,40019,32.17383772
CARTER,47019,32.18812011
CARTERET,37031,31.30570894
CARVER,27019,6.971958782
CASCADE,30013,10.4961506
CASEY,21045,34.11158278
CASS,17017,0
CASS,18017,16.81449409
CASS,19029,0
CASS,26027,13.18350666
CASS,27021,28.93917262
CASS,29037,14.98010758
CASS,31025,7.760902127
CASS,38017,9.850309655
CASS,48067,9.928514694
CASSIA,16031,10.16277376
CASTRO,48069,0
CASWELL,37033,16.62626775
CATAHOULA,22025,0
CATAWBA,37035,22.35921679
CATOOSA,13047,23.79238583
CATRON,35003,0
CATTARAUGUS,36009,18.5382106
CAVALIER,38019,0
CAYUGA,36011,21.0407472
CECIL,24015,50.68818965
CEDAR,19031,0
CEDAR,29039,0
CEDAR,31027,0
CENTRE,42027,10.04649917
CERRO GORDO,19033,17.2097826
CHAFFEE,8015,16.71122995
CHAMBERS,1017,8.265926669
CHAMBERS,48071,7.968048127
CHAMPAIGN,17019,14.94546343
CHAMPAIGN,39021,33.94084009
CHARITON,29041,0
CHARLES,24017,23.29783368
CHARLES CITY,51036,0
CHARLES MIX,46023,0
CHARLESTON,45019,19.40120683
CHARLEVOIX,26029,8.402334321
CHARLOTTE,12015,12.96380843
CHARLOTTE,51037,0
CHARLOTTESVILLE,51540,10.62753467
CHARLTON,13049,21.86065395
CHASE,20017,0
CHASE,31029,0
CHATHAM,13051,12.22975541
CHATHAM,37037,10.37926391
CHATTAHOOCHEE,13053,0
CHATTOOGA,13055,23.34097952
CHAUTAUQUA,20019,0
CHAUTAUQUA,36013,24.02509699
CHAVES,35005,23.27867949
CHEATHAM,47021,49.46191433
CHEBOYGAN,26031,15.71277055
CHELAN,53007,11.31165179
CHEMUNG,36015,22.27512565
CHENANGO,36017,12.79680328
CHEROKEE,1019,18.53138754
CHEROKEE,13057,19.16886448
CHEROKEE,19035,0
CHEROKEE,20021,12.78319698
CHEROKEE,37039,27.3984455
CHEROKEE,40021,27.56623096
CHEROKEE,45021,9.185753603
CHEROKEE,48073,10.4269649
CHERRY,31031,0
CHESAPEAKE,51550,18.15475415
CHESHIRE,33005,28.40229217
CHESTER,42029,23.31449357
CHESTER,45023,13.0162331
CHESTER,47023,14.99457888
CHESTERFIELD,45025,14.35675224
CHESTERFIELD,51041,18.35996116
CHEYENNE,8017,0
CHEYENNE,20023,0
CHEYENNE,31033,0
CHICKASAW,19037,0
CHICKASAW,28017,0
CHICOT,5017,0
CHILDRESS,48075,0
CHILTON,1021,14.54314086
CHIPPEWA,26033,13.73437715
CHIPPEWA,27023,0
CHIPPEWA,55017,10.35820558
CHISAGO,27025,13.85364715
CHITTENDEN,50007,17.15227767
CHOCTAW,1023,0
CHOCTAW,28019,0
CHOCTAW,40023,26.81899858
CHOUTEAU,30015,0
CHOWAN,37041,16.78720815
CHRISTIAN,17021,21.60786526
CHRISTIAN,21047,6.906134581
CHRISTIAN,29043,14.68512255
CHURCHILL,32001,32.21622872
CIBOLA,35006,19.15087947
CIMARRON,40025,0
CITRUS,12017,30.09899224
CLACKAMAS,41005,11.90185787
CLAIBORNE,28021,0
CLAIBORNE,47025,47.34161075
CLAIBORNE,22027,13.62195364
CLALLAM,53009,23.05741296
CLARE,26035,28.7632458
CLARENDON,45027,9.434184769
CLARION,42031,18.03482267
CLARK,5019,12.47549456
CLARK,16033,0
CLARK,17023,15.10193808
CLARK,18019,40.34503627
CLARK,20025,0
CLARK,21049,44.53623858
CLARK,29045,0
CLARK,32003,21.51102018
CLARK,39023,54.84587717
CLARK,46025,0
CLARK,53011,15.25264768
CLARK,55019,7.522582213
CLARKE,1025,9.015285006
CLARKE,13059,11.37909868
CLARKE,19039,0
CLARKE,28023,15.07064364
CLARKE,51043,20.77821335
CLATSOP,41007,20.21951131
CLAY,1027,14.87187876
CLAY,5021,22.69268762
CLAY,12019,26.14434369
CLAY,13061,0
CLAY,17025,0
CLAY,18021,15.18118747
CLAY,19041,0
CLAY,20027,0
CLAY,21051,21.27721307
CLAY,27027,14.64926165
CLAY,28025,0
CLAY,29047,14.3615418
CLAY,31035,0
CLAY,37043,23.89178858
CLAY,46027,0
CLAY,47027,49.08546037
CLAY,48077,21.23552124
CLAY,54015,29.47444792
CLAYTON,13063,9.529084126
CLAYTON,19043,0
CLEAR CREEK,8019,0
CLEARFIELD,42033,18.41464811
CLEARWATER,16035,0
CLEARWATER,27029,0
CLEBURNE,1029,17.35438999
CLEBURNE,5023,11.86915444
CLERMONT,39025,47.03636462
CLEVELAND,5025,0
CLEVELAND,37045,18.72127519
CLEVELAND,40027,16.47004943
CLINCH,13065,0
CLINTON,17027,9.542743539
CLINTON,18023,19.08761214
CLINTON,19045,10.5638564
CLINTON,21053,43.13894663
CLINTON,26037,12.5528372
CLINTON,29049,19.50420316
CLINTON,36019,16.51747524
CLINTON,39027,45.77531947
CLINTON,42035,16.31812178
CLOUD,20029,0
COAHOMA,28027,22.68564419
COAL,40029,0
COBB,13067,16.79576457
COCHISE,4003,21.8641224
COCHRAN,48079,0
COCKE,47029,29.36442951
COCONINO,4005,17.68102014
CODINGTON,46029,0
COFFEE,1031,8.944926477
COFFEE,13069,20.92653391
COFFEE,47031,28.17251826
COFFEY,20031,0
COKE,48081,0
COLBERT,1033,9.912804039
COLE,29051,12.51916998
COLEMAN,48083,0
COLES,17029,9.959854126
COLFAX,31037,0
COLFAX,35007,34.07376158
COLLETON,45029,21.19811761
COLLIER,12021,15.5822551
COLLIN,48085,8.188892722
COLLINGSWORTH,48087,0
COLONIAL HEIGHTS,51570,32.58939608
COLORADO,48089,0
COLQUITT,13071,7.857482724
COLUMBIA,5027,13.43273558
COLUMBIA,12023,21.41085994
COLUMBIA,13073,15.34015088
COLUMBIA,36021,20.97397916
COLUMBIA,41009,14.56675709
COLUMBIA,42037,23.52217417
COLUMBIA,53013,0
COLUMBIA,55021,24.21978932
COLUMBIANA,39029,35.19779043
COLUMBUS,37047,22.360804
COLUSA,6011,10.19264091
COMAL,48091,10.93199707
COMANCHE,20033,0
COMANCHE,40031,16.94459606
COMANCHE,48093,0
CONCHO,48095,0
CONCORDIA,22029,10.00340116
CONECUH,1035,22.40609446
CONEJOS,8021,0
CONTRA COSTA,6013,12.44959984
CONVERSE,56009,0
CONWAY,5029,12.39913778
COOK,13075,0
COOK,17031,19.01845814
COOK,27031,0
COOKE,48097,19.21861171
COOPER,29053,0
COOS,33007,34.14976569
COOS,41011,19.20449322
COOSA,1037,0
COPIAH,28029,7.686341371
CORSON,46031,0
CORTLAND,36023,18.65694847
CORYELL,48099,7.723611881
COSHOCTON,39031,13.12479493
COSTILLA,8023,0
COTTLE,48101,0
COTTON,40033,0
COTTONWOOD,27033,0
COVINGTON,1039,10.67891182
COVINGTON,28031,14.50987708
COVINGTON,51580,35.75387036
COWETA,13077,12.93528661
COWLEY,20035,17.4076133
COWLITZ,53015,21.45604928
CRAIG,40035,26.14990779
CRAIG,51045,0
CRAIGHEAD,5031,10.78769068
CRANE,48103,0
CRAVEN,37049,31.5343899
CRAWFORD,5033,18.58563331
CRAWFORD,13079,0
CRAWFORD,17033,0
CRAWFORD,18025,18.93903525
CRAWFORD,19047,0
CRAWFORD,20037,8.174776726
CRAWFORD,26039,31.83883759
CRAWFORD,29055,28.79781466
CRAWFORD,39033,30.92808032
CRAWFORD,42039,32.24025718
CRAWFORD,55023,13.47890551
CREEK,40037,21.33968282
CRENSHAW,1041,0
CRISP,13081,0
CRITTENDEN,5035,15.11203326
CRITTENDEN,21055,0
CROCKETT,47033,0
CROCKETT,48105,0
CROOK,41013,16.04449674
CROOK,56011,0
CROSBY,48107,0
CROSS,5037,14.10321201
CROW WING,27035,14.06487345
CROWLEY,8025,0
CULBERSON,48109,0
CULLMAN,1043,25.97326938
CULPEPER,51047,31.37136549
CUMBERLAND,17035,0
CUMBERLAND,21057,29.75570566
CUMBERLAND,23005,24.72744857
CUMBERLAND,34011,41.00966842
CUMBERLAND,37051,22.59207183
CUMBERLAND,42041,21.53060854
CUMBERLAND,47035,23.4997616
CUMBERLAND,51049,0
CUMING,31039,0
CURRITUCK,37053,23.17479201
CURRY,35009,17.53714687
CURRY,41015,24.77591074
CUSTER,8027,0
CUSTER,16037,0
CUSTER,30017,18.5004541
CUSTER,31041,0
CUSTER,40039,12.98053603
CUSTER,46033,0
CUYAHOGA,39035,36.43643951
DADE,13083,12.28184375
DADE,29057,0
DAGGETT,49009,0
DAKOTA,27037,9.752016731
DAKOTA,31043,0
DALE,1045,9.332256743
DALLAM,48111,0
DALLAS,1047,6.986899563
DALLAS,5039,0
DALLAS,19049,5.483188069
DALLAS,29059,0
DALLAS,48113,13.20630583
DANE,55025,18.26428879
DANIELS,30019,0
DANVILLE,51590,18.24756179
DARE,37055,30.11191595
DARKE,39037,38.23737298
DARLINGTON,45031,13.66412395
DAUPHIN,42043,28.95802181
DAVIDSON,37057,25.19074724
DAVIDSON,47037,29.8640658
DAVIE,37059,20.4383309
DAVIESS,18027,9.098408385
DAVIESS,21059,13.83636196
DAVIESS,29061,0
DAVIS,19051,0
DAVIS,49011,16.75094854
DAVISON,46035,0
DAWES,31045,0
DAWSON,13085,27.65324507
DAWSON,30021,0
DAWSON,31047,0
DAWSON,48115,0
DAY,46037,0
DE BACA,35011,0
DE SOTO,22031,9.550466871
DE WITT,17039,22.36914053
DEAF SMITH,48117,0
DEARBORN,18029,32.31004721
DECATUR,13087,8.921468771
DECATUR,18031,19.52333038
DECATUR,19053,0
DECATUR,19053,0
DECATUR,47039,25.61825386
DEER LODGE,30023,0
DEFIANCE,39039,16.72406855
DEKALB,18033,10.29095332
DEKALB,1049,24.7123677
DEKALB,13089,11.22151596
DEKALB,17037,13.18761969
DEKALB,29063,0
DEKALB,47041,32.71950185
DEL NORTE,6015,20.39270524
DELAWARE,18035,35.20367223
DELAWARE,19055,0
DELAWARE,36025,19.32494455
DELAWARE,39041,11.28187511
DELAWARE,40041,19.53888238
DELAWARE,42045,38.9757361
DELTA,8029,10.5393513
DELTA,26041,7.183908046
DELTA,48119,0
DENALI,2068,0
DENT,29065,28.36659962
DENTON,48121,7.805861533
DENVER,8031,20.31451375
DES MOINES,19057,12.58786329
DESCHUTES,41017,12.80587834
DESHA,5041,0
DESOTO,12027,14.94842792
DESOTO,28033,18.28300963
DEUEL,31049,0
DEUEL,46039,0
DEWEY,40043,0
DEWEY,46041,0
DEWITT,48123,10.70465847
DICKENS,48125,0
DICKENSON,51051,37.48527364
DICKEY,38021,0
DICKINSON,19059,0
DICKINSON,20041,0
DICKINSON,26043,27.32709755
DICKSON,47043,30.70651861
DILLINGHAM,2070,0
DILLON,45033,13.59364077
DIMMIT,48127,0
DINWIDDIE,51053,12.80300444
DISTRICT OF COLUMBIA,11001,32.2701966
DIVIDE,38023,0
DIXIE,12029,30.5687001
DIXON,31051,0
DODDRIDGE,54017,0
DODGE,13091,16.36881836
DODGE,27039,0
DODGE,31053,7.620913965
DODGE,55027,23.36782545
DOLORES,8033,0
DONA ANA,35013,16.64684235
DONIPHAN,20043,0
DONLEY,48129,0
DOOLY,13093,0
DOOR,55029,0
DORCHESTER,24019,21.06828603
DORCHESTER,45035,18.26843719
DOUGHERTY,13095,7.260710097
DOUGLAS,8035,8.456366366
DOUGLAS,13097,18.70746864
DOUGLAS,17041,11.15969524
DOUGLAS,20045,10.7327266
DOUGLAS,27041,5.351600128
DOUGLAS,29067,0
DOUGLAS,31055,9.86746269
DOUGLAS,32005,19.57990685
DOUGLAS,41019,18.79138249
DOUGLAS,46043,0
DOUGLAS,53017,10.1686544
DOUGLAS,55031,12.42521859
DREW,5043,16.14187633
DUBOIS,18037,9.883236619
DUBUQUE,19061,9.909309177
DUCHESNE,49013,29.5365712
DUKES,25007,27.72066807
DUNDY,31057,0
DUNKLIN,29069,23.63507445
DUNN,38025,0
DUNN,55033,7.612053911
DUPAGE,17043,14.07231537
DUPLIN,37061,8.786603809
DURHAM,37063,12.22219826
DUTCHESS,36027,24.86294892
DUVAL,12031,32.60485553
DUVAL,48131,0
DYER,47045,9.027235701
EAGLE,8037,7.76972029
EARLY,13099,0
EAST BATON ROUGE,22033,18.85897795
EAST CARROLL,22035,0
EAST FELICIANA,22037,0
EASTLAND,48133,0
EATON,26045,20.1689424
EAU CLAIRE,55035,9.323303013
ECHOLS,13101,0
ECTOR,48135,13.54408092
EDDY,35015,27.57503726
EDDY,38027,0
EDGAR,17045,15.95277977
EDGECOMBE,37065,20.21313629
EDGEFIELD,45037,7.509198768
EDMONSON,21061,24.73859551
EDMUNDS,46045,0
EDWARDS,17047,0
EDWARDS,20047,0
EDWARDS,48137,0
EFFINGHAM,13103,9.202046262
EFFINGHAM,17049,15.16769049
EL DORADO,6017,21.44015677
EL PASO,8041,24.71388589
EL PASO,48141,9.789487809
ELBERT,8039,8.724273308
ELBERT,13105,17.67629505
ELK,20049,0
ELK,42047,26.15883645
ELKHART,18039,13.8259964
ELKO,32007,14.50503477
ELLIOTT,21063,28.99391128
ELLIS,20051,8.314049358
ELLIS,40045,0
ELLIS,48139,8.525714502
ELLSWORTH,20053,0
ELMORE,1051,10.05375078
ELMORE,16039,9.843264935
EMANUEL,13107,0
EMERY,49015,38.98027598
EMMET,19063,0
EMMET,26047,9.635767971
EMMONS,38029,0
EMPORIA,51595,0
ERATH,48143,8.681267272
ERIE,36029,27.58198376
ERIE,39043,38.04031209
ERIE,42049,28.63777707
ESCAMBIA,1053,34.14334872
ESCAMBIA,12033,19.4776789
ESMERALDA,32009,0
ESSEX,25009,36.02568721
ESSEX,34013,25.76208886
ESSEX,36031,15.22189854
ESSEX,50009,0
ESSEX,51057,0
ESTILL,21065,55.86280096
ETOWAH,1055,26.0493616
EUREKA,32011,0
EVANGELINE,22039,20.79582657
EVANS,13109,0
FAIRBANKS NORTH STAR,2090,13.64730155
FAIRFAX,51059,8.622420532
FAIRFAX,51600,17.30802515
FAIRFIELD,9001,16.9716778
FAIRFIELD,39045,19.08743746
FAIRFIELD,45039,11.46536138
FALL RIVER,46047,0
FALLON,30025,0
FALLS,48145,0
FALLS CHURCH,51610,14.11193588
FANNIN,13111,20.92690073
FANNIN,48147,9.345357694
FARIBAULT,27043,0
FAULK,46049,0
FAULKNER,5045,13.37668248
FAUQUIER,51061,22.81660934
FAYETTE,1057,16.85122773
FAYETTE,13113,10.75243767
FAYETTE,17051,17.44687885
FAYETTE,18041,69.53446248
FAYETTE,19065,0
FAYETTE,21067,38.31458603
FAYETTE,39047,52.934744
FAYETTE,42051,46.64911412
FAYETTE,47047,11.59806161
FAYETTE,48149,8.75008949
FAYETTE,54019,46.1557258
FENTRESS,47049,18.85578651
FERGUS,30027,0
FERRY,53019,31.49110376
FILLMORE,27045,0
FILLMORE,31059,0
FINNEY,20055,10.82725654
FISHER,48151,0
FLAGLER,12035,16.33601702
FLATHEAD,30029,13.84147843
FLEMING,21069,27.56073697
FLORENCE,45041,17.73361515
FLORENCE,55037,0
FLOYD,13115,15.06188785
FLOYD,18043,31.44498816
FLOYD,19067,0
FLOYD,21071,46.46388244
FLOYD,48153,0
FLOYD,51063,0
FLUVANNA,51065,10.61949588
FOARD,48155,0
FOND DU LAC,55039,12.90347807
FORD,17053,0
FORD,20057,5.828490829
FOREST,42053,0
FOREST,55041,37.60313212
FORREST,28035,11.616855
FORSYTH,13117,12.88182828
FORSYTH,37067,22.02824236
FORT BEND,48157,5.926358902
FOSTER,38031,0
FOUNTAIN,18045,18.16178518
FRANKLIN,1059,15.21076415
FRANKLIN,5047,23.63986356
FRANKLIN,12037,20.35968782
FRANKLIN,13119,25.72335858
FRANKLIN,16041,0
FRANKLIN,17055,31.6659346
FRANKLIN,18047,30.73518564
FRANKLIN,19069,0
FRANKLIN,20059,14.82706955
FRANKLIN,21073,33.71477302
FRANKLIN,23007,11.98617594
FRANKLIN,25011,26.02472349
FRANKLIN,28037,0
FRANKLIN,29071,32.27386905
FRANKLIN,31061,0
FRANKLIN,36033,12.21723024
FRANKLIN,37069,18.76905752
FRANKLIN,39049,30.20513349
FRANKLIN,42055,19.1045552
FRANKLIN,47051,23.06660964
FRANKLIN,48159,0
FRANKLIN,50011,25.73508386
FRANKLIN,51067,21.3271911
FRANKLIN,53021,10.36959898
FRANKLIN,51620,24.09000024
FRANKLIN,22041,0
FREDERICK,24021,28.45069109
FREDERICK,51069,23.7738798
FREDERICKSBURG,51630,27.41285874
FREEBORN,27047,0
FREESTONE,48161,0
FREMONT,8043,22.86004572
FREMONT,16043,0
FREMONT,19071,0
FREMONT,56013,18.9437371
FRESNO,6019,14.35444259
FRIO,48163,0
FRONTIER,31063,0
FULTON,5049,0
FULTON,13121,16.18586133
FULTON,17057,15.23736427
FULTON,18049,17.80327382
FULTON,21075,0
FULTON,36035,13.73458108
FULTON,39051,16.0229222
FULTON,42057,31.50080806
FURNAS,31065,0
GADSDEN,12039,5.210866393
GAGE,31067,0
GAINES,48165,0
GALAX,51640,0
GALLATIN,17059,0
GALLATIN,21077,78.26527324
GALLATIN,30031,6.318994322
GALLIA,39053,46.5097737
GALVESTON,48167,16.17056591
GARDEN,31069,0
GARFIELD,8045,13.29556031
GARFIELD,30033,0
GARFIELD,31071,0
GARFIELD,40047,12.50974317
GARFIELD,49017,0
GARFIELD,53023,0
GARLAND,5051,29.19630534
GARRARD,21079,30.06823176
GARRETT,24023,16.33097441
GARVIN,40049,30.96331927
GARZA,48169,0
GASCONADE,29073,27.0405473
GASTON,37071,24.2494205
GATES,37073,26.04483184
GEARY,20061,8.533491108
GEAUGA,39055,19.55757367
GEM,16045,20.95093988
GENESEE,26049,37.96473823
GENESEE,36037,22.25661535
GENEVA,1061,15.05593279
GENTRY,29075,0
GEORGE,28039,18.53177779
GEORGETOWN,45043,27.65792676
GIBSON,18051,7.13160788
GIBSON,47053,18.26091191
GILA,4007,38.91866
GILCHRIST,12041,0
GILES,47055,24.65584549
GILES,51071,22.6026338
GILLESPIE,48171,7.60722382
GILLIAM,41021,0
GILMER,13123,18.06600112
GILMER,54021,0
GILPIN,8047,0
GLACIER,30035,20.46065708
GLADES,12043,14.54481986
GLADWIN,26051,18.21522476
GLASCOCK,13125,0
GLASSCOCK,48173,0
GLENN,6021,16.40536955
GLOUCESTER,34015,37.37038647
GLOUCESTER,51073,23.10101591
GLYNN,13127,14.97301293
GOGEBIC,26053,0
GOLDEN VALLEY,30037,0
GOLDEN VALLEY,38033,0
GOLIAD,48175,0
GONZALES,48177,9.649715333
GOOCHLAND,51075,13.29952299
GOODHUE,27049,9.472918219
GOODING,16047,14.50173362
GORDON,13129,14.77317894
GOSHEN,56015,0
GOSPER,31073,0
GOVE,20063,0
GRADY,13131,0
GRADY,40051,21.92573753
GRAFTON,33009,17.8955704
GRAHAM,4009,20.66115702
GRAHAM,20065,0
GRAHAM,37075,0
GRAINGER,47057,25.20183191
GRAND,8049,14.66373392
GRAND,49019,20.84983946
GRAND FORKS,38035,10.74350725
GRAND ISLE,50013,0
GRAND TRAVERSE,26055,15.47238724
GRANITE,30039,0
GRANT,5053,17.64426947
GRANT,18053,33.93745981
GRANT,20067,0
GRANT,21081,48.13091609
GRANT,27051,0
GRANT,31075,0
GRANT,35017,33.32907856
GRANT,38037,0
GRANT,40053,0
GRANT,41023,0
GRANT,46051,0
GRANT,53025,13.33499844
GRANT,54023,23.93939912
GRANT,55043,7.312023275
GRANT,22043,13.40362792
GRANVILLE,37077,17.23689236
GRATIOT,26057,9.707606881
GRAVES,21083,12.32193465
GRAY,20069,0
GRAY,48179,0
GRAYS HARBOR,53027,27.20967554
GRAYSON,21085,32.75491705
GRAYSON,48181,14.01068237
GRAYSON,51077,0
GREELEY,20071,0
GREELEY,31077,0
GREEN,21087,0
GREEN,55045,8.643789437
GREEN LAKE,55047,15.94235245
GREENBRIER,54025,30.6264817
GREENE,1063,0
GREENE,5055,16.60190428
GREENE,13133,14.08748327
GREENE,17061,22.73209469
GREENE,18055,18.56883778
GREENE,19073,0
GREENE,28041,0
GREENE,29077,27.97096282
GREENE,36039,25.62368469
GREENE,37079,15.17709776
GREENE,39057,32.01414905
GREENE,42059,37.12971184
GREENE,47059,28.24488607
GREENE,51079,0
GREENLEE,4011,0
GREENSVILLE,51081,0
GREENUP,21089,34.06774455
GREENVILLE,45045,22.28965243
GREENWOOD,20073,32.36141225
GREENWOOD,45047,19.9665133
GREER,40055,0
GREGG,48183,7.603566234
GREGORY,46053,0
GRENADA,28043,0
GRIGGS,38039,0
GRIMES,48185,8.645720008
GRUNDY,17063,17.78930349
GRUNDY,19075,0
GRUNDY,29079,25.83363141
GRUNDY,47061,32.85445477
GUADALUPE,35019,0
GUADALUPE,48187,7.849525876
GUERNSEY,39059,33.15886668
GUILFORD,37081,18.14929287
GULF,12045,14.97585144
GUNNISON,8051,12.13813194
GUTHRIE,19077,0
GWINNETT,13135,10.2011053
HAAKON,46055,0
HABERSHAM,13137,10.36274099
HAINES,2100,0
HALE,1065,0
HALE,48189,9.339956919
HALIFAX,37083,20.84330467
HALIFAX,51083,8.620689655
HALL,13139,15.67564046
HALL,31079,5.519426759
HALL,48191,0
HAMBLEN,47063,32.59483059
HAMILTON,12047,0
HAMILTON,17065,0
HAMILTON,18057,12.00612186
HAMILTON,19079,0
HAMILTON,20075,0
HAMILTON,31081,0
HAMILTON,36041,0
HAMILTON,39061,44.96977429
HAMILTON,47065,20.0116828
HAMILTON,48193,24.0569669
HAMLIN,46057,0
HAMPDEN,25013,30.88336652
HAMPSHIRE,25015,20.31623961
HAMPSHIRE,54027,53.86687187
HAMPTON,45049,0
HAMPTON,51650,18.44405917
HANCOCK,13141,0
HANCOCK,17067,0
HANCOCK,18059,24.62447673
HANCOCK,19081,0
HANCOCK,21091,0
HANCOCK,23009,20.14047063
HANCOCK,28045,25.26258098
HANCOCK,39063,29.06469802
HANCOCK,47067,39.44773176
HANCOCK,54029,50.65548194
HAND,46059,0
HANOVER,51085,16.07043442
HANSFORD,48195,0
HANSON,46061,0
HARALSON,13143,28.90054085
HARDEE,12049,11.67994043
HARDEMAN,47069,10.17421385
HARDEMAN,48197,0
HARDIN,17069,0
HARDIN,19083,0
HARDIN,21093,18.31813606
HARDIN,39065,20.91307764
HARDIN,47071,35.67910523
HARDIN,48199,11.34132424
HARDING,35021,0
HARDING,46063,0
HARDY,54031,20.24408583
HARFORD,24025,32.60325889
HARLAN,21095,35.2536796
HARLAN,31083,0
HARMON,40057,0
HARNETT,37085,18.07999632
HARNEY,41025,0
HARPER,20077,0
HARPER,40059,0
HARRIS,13145,8.912708929
HARRIS,48201,11.26045306
HARRISON,18061,22.61863474
HARRISON,19085,0
HARRISON,21097,63.06113724
HARRISON,28047,19.00768088
HARRISON,29081,0
HARRISON,39067,26.07901943
HARRISON,48203,9.580752269
HARRISON,54033,31.6492791
HARRISONBURG,51660,8.635513738
HART,13147,0
HART,21099,21.42681137
HARTFORD,9003,29.09952395
HARTLEY,48205,0
HARVEY,20079,10.94722286
HASKELL,20081,0
HASKELL,40061,18.77376054
HASKELL,48207,0
HAWAII,15001,13.02463271
HAWKINS,47073,27.58542641
HAYES,31085,0
HAYS,48209,8.811866647
HAYWOOD,37087,25.40616875
HAYWOOD,47075,0
HEARD,13149,0
HEMPHILL,48211,0
HEMPSTEAD,5057,10.00118196
HENDERSON,17071,0
HENDERSON,21101,11.27268628
HENDERSON,37089,19.4576743
HENDERSON,47077,20.07974527
HENDERSON,48213,17.90603807
HENDRICKS,18063,15.51730987
HENDRY,12051,12.57437744
HENNEPIN,27053,15.77887437
HENRICO,51087,17.10880772
HENRY,1067,0
HENRY,13151,15.41361211
HENRY,17073,8.913305945
HENRY,18065,18.49963823
HENRY,19087,0
HENRY,21103,29.06903263
HENRY,29083,12.85949168
HENRY,39069,19.614538
HENRY,47079,18.57941772
HENRY,51089,21.35200922
HERKIMER,36043,12.12005231
HERNANDO,12053,21.32203156
HERTFORD,37091,11.64793291
HETTINGER,38041,0
HICKMAN,21105,0
HICKMAN,47081,26.02281876
HICKORY,29085,32.13849549
HIDALGO,35023,0
HIDALGO,48215,3.647213294
HIGHLAND,39071,40.44085177
HIGHLAND,51091,0
HIGHLANDS,12055,19.52851459
HILL,30041,0
HILL,48217,13.56039461
HILLSBOROUGH,12057,16.3495493
HILLSBOROUGH,33011,40.98667346
HILLSDALE,26059,15.70865678
HINDS,28049,8.302675703
HINSDALE,8053,0
HITCHCOCK,31087,0
HOCKING,39073,23.87388969
HOCKLEY,48219,8.594535594
HODGEMAN,20083,0
HOKE,37093,12.38627151
HOLMES,12059,20.5136621
HOLMES,28051,0
HOLMES,39075,7.286239936
HOLT,29087,0
HOLT,31089,0
HONOLULU,15003,14.31791878
HOOD,48221,15.78886429
HOOD RIVER,41027,0
HOOKER,31091,0
HOONAH-ANGOON,2105,0
HOPEWELL,51670,32.88128966
HOPKINS,21107,18.76770384
HOPKINS,48223,6.598845202
HORRY,45051,28.67293449
HOT SPRING,5059,15.5276721
HOT SPRINGS,56017,0
HOUGHTON,26061,9.343020763
HOUSTON,1069,13.61483442
HOUSTON,13153,11.70722981
HOUSTON,27055,0
HOUSTON,47083,34.12470141
HOUSTON,48225,11.35668734
HOWARD,5061,0
HOWARD,18067,32.21626073
HOWARD,19089,0
HOWARD,24027,14.58112407
HOWARD,29089,0
HOWARD,31093,0
HOWARD,48227,12.56391207
HOWELL,29091,11.95939784
HUBBARD,27057,10.54690496
HUDSON,34017,16.52093822
HUDSPETH,48229,0
HUERFANO,8055,66.30100657
HUGHES,40063,16.23760038
HUGHES,46065,0
HUMBOLDT,6023,36.89499918
HUMBOLDT,19091,0
HUMBOLDT,32013,14.1589579
HUMPHREYS,28053,0
HUMPHREYS,47085,26.20459235
HUNT,48231,11.71938582
HUNTERDON,34019,15.81459543
HUNTINGDON,42061,21.95765685
HUNTINGTON,18069,15.90670989
HURON,26063,20.26920032
HURON,39077,34.51575422
HUTCHINSON,46067,0
HUTCHINSON,48233,13.94168657
HYDE,37095,0
HYDE,46069,0
IBERIA,22045,17.28840908
IBERVILLE,22047,16.35471561
IDA,19093,0
IDAHO,16049,17.17264643
IMPERIAL,6025,19.34082063
INDEPENDENCE,5063,13.95141687
INDIAN RIVER,12061,20.10494251
INDIANA,42063,38.09612302
INGHAM,26065,25.94269439
INYO,6027,33.02982593
IONIA,26067,17.74319066
IOSCO,26069,24.53793486
IOWA,19095,0
IOWA,55049,11.78669451
IREDELL,37097,18.75861941
IRION,48235,0
IRON,26071,23.14361503
IRON,29093,31.4855265
IRON,49021,20.05213555
IRON,55051,0
IROQUOIS,17075,22.63643759
IRWIN,13155,0
ISABELLA,26073,14.68010084
ISANTI,27059,14.32848041
ISLAND,53029,12.92295238
ISLE OF WIGHT,51093,16.99356437
ISSAQUENA,28055,0
ITASCA,27061,11.91995091
ITAWAMBA,28057,8.496898632
IZARD,5065,17.74019485
JACK,48237,0
JACKSON,1071,10.35010178
JACKSON,5067,15.10942712
JACKSON,8057,0
JACKSON,12063,11.14486676
JACKSON,13157,20.13508814
JACKSON,17077,21.45688868
JACKSON,18071,35.48971253
JACKSON,19097,0
JACKSON,20085,0
JACKSON,21109,16.44687659
JACKSON,26075,32.19485939
JACKSON,27063,0
JACKSON,28059,18.47068378
JACKSON,29095,18.83404004
JACKSON,37099,27.5159284
JACKSON,39079,32.57889625
JACKSON,40065,22.80896314
JACKSON,41029,20.25224261
JACKSON,46071,0
JACKSON,47087,29.27098041
JACKSON,48239,13.49473031
JACKSON,54035,22.72774231
JACKSON,55053,19.45998541
JACKSON,22049,15.11182752
JAMES CITY,51095,11.28865356
JASPER,13159,14.55074573
JASPER,17079,0
JASPER,18073,15.55070427
JASPER,19099,12.46477347
JASPER,28061,0
JASPER,29097,12.58171826
JASPER,45053,12.77610584
JASPER,48241,13.47262531
JAY,18075,32.36399981
JEFF DAVIS,13161,21.41614242
JEFF DAVIS,48243,0
JEFFERSON,1073,36.22114357
JEFFERSON,5069,15.66474038
JEFFERSON,8059,16.69759463
JEFFERSON,12065,0
JEFFERSON,13163,0
JEFFERSON,16051,0
JEFFERSON,17081,19.85931245
JEFFERSON,18077,16.70533643
JEFFERSON,19101,11.13920667
JEFFERSON,20087,10.56468227
JEFFERSON,21111,37.77401169
JEFFERSON,28063,0
JEFFERSON,29099,40.20646466
JEFFERSON,30043,0
JEFFERSON,31095,0
JEFFERSON,36045,17.16705451
JEFFERSON,39081,34.743958
JEFFERSON,40067,0
JEFFERSON,41031,8.629021124
JEFFERSON,42065,24.02691014
JEFFERSON,47089,19.08197016
JEFFERSON,48245,12.7306247
JEFFERSON,53031,19.38034575
JEFFERSON,54037,39.75691486
JEFFERSON,55055,17.23568022
JEFFERSON,22051,33.64501575
JEFFERSON DAVIS,28065,0
JEFFERSON DAVIS,22053,20.33191857
JENKINS,13165,0
JENNINGS,18079,35.99919362
JERAULD,46073,0
JEROME,16053,8.600818798
JERSEY,17083,36.1154249
JESSAMINE,21113,36.58146234
JEWELL,20089,0
JIM HOGG,48247,0
JIM WELLS,48249,6.810100352
JO DAVIESS,17085,0
JOHNSON,5071,15.95550693
JOHNSON,13167,0
JOHNSON,17087,0
JOHNSON,18081,20.6776201
JOHNSON,19103,7.906700929
JOHNSON,20091,9.632414098
JOHNSON,21115,22.7282661
JOHNSON,29101,5.930230834
JOHNSON,31097,0
JOHNSON,47091,22.49415152
JOHNSON,48251,11.22797425
JOHNSON,56019,0
JOHNSTON,37101,14.19748704
JOHNSTON,40069,38.05795683
JONES,13169,13.28764249
JONES,19105,0
JONES,28067,10.5618617
JONES,37103,34.57533355
JONES,46075,0
JONES,48253,0
JOSEPHINE,41033,23.13121944
JUAB,49023,23.68157391
JUDITH BASIN,30045,0
JUNEAU,55057,12.11332011
JUNEAU,2110,25.95203816
JUNIATA,42067,8.898668436
KALAMAZOO,26077,18.34035106
KALAWAO,15005,0
KALKASKA,26079,17.16738197
KANABEC,27065,12.52693291
KANAWHA,54039,62.4634508
KANDIYOHI,27067,11.27183919
KANE,17089,11.73483339
KANE,49025,0
KANKAKEE,17091,21.74342397
KARNES,48255,0
KAUAI,15007,13.94579548
KAUFMAN,48257,13.42775282
KAY,40071,15.59075602
KEARNEY,31099,0
KEARNY,20093,0
KEITH,31101,0
KEMPER,28069,0
KENAI PENINSULA,2122,23.69570593
KENDALL,17093,12.99049128
KENDALL,48259,5.674536934
KENEDY,48261,0
KENNEBEC,23011,31.54079248
KENOSHA,55059,26.70626315
KENT,10001,26.72083917
KENT,24029,25.48316073
KENT,26081,14.51641492
KENT,44003,30.40755859
KENT,48263,0
KENTON,21117,62.51999186
KEOKUK,19107,0
KERN,6029,25.43193674
KERR,48265,15.55536543
KERSHAW,45055,14.30842113
KETCHIKAN GATEWAY,2130,20.28515127
KEWAUNEE,55061,0
KEWEENAW,26083,0
KEYA PAHA,31103,0
KIDDER,38043,0
KIMBALL,31105,0
KIMBLE,48267,0
KING,48269,0
KING,53033,15.90695555
KING AND QUEEN,51097,0
KING GEORGE,51099,27.73882357
KING WILLIAM,51101,21.83512058
KINGFISHER,40073,14.0594844
KINGMAN,20095,0
KINGS,6031,11.96035541
KINGS,36047,12.32537245
KINGSBURY,46077,0
KINNEY,48271,0
KIOWA,8061,0
KIOWA,20097,0
KIOWA,40075,0
KIT CARSON,8063,0
KITSAP,53035,16.04143099
KITTITAS,53037,9.811529439
KITTSON,27069,0
KLAMATH,41035,20.15025474
KLEBERG,48273,6.330957114
KLICKITAT,53039,17.7394357
KNOTT,21119,32.23892915
KNOX,17095,13.71484103
KNOX,18083,13.29702359
KNOX,21121,31.69652479
KNOX,23013,19.61415438
KNOX,29103,0
KNOX,31107,0
KNOX,39083,19.26870371
KNOX,47093,44.7607773
KNOX,48275,0
KODIAK ISLAND,2150,0
KOOCHICHING,27071,0
KOOTENAI,16055,13.61646944
KOSCIUSKO,18085,14.69001535
KOSSUTH,19109,0
LA CROSSE,55063,16.4170541
LA PAZ,4012,33.20344925
LA PLATA,8067,13.39613829
LA SALLE,18091,22.99146057
LA SALLE,48283,0
LABETTE,20099,13.68309942
LAC QUI PARLE,27073,0
LACKAWANNA,42069,34.60956907
LACLEDE,29105,15.20629879
LAFAYETTE,5073,0
LAFAYETTE,12067,23.095755
LAFAYETTE,28071,3.716822711
LAFAYETTE,29107,14.08916604
LAFAYETTE,55065,0
LAFAYETTE,22055,16.30063697
LAFOURCHE,22057,19.95150563
LAGRANGE,18087,5.128520729
LAKE,6033,52.56299006
LAKE,8065,0
LAKE,12069,16.55281151
LAKE,17097,12.82527062
LAKE,18089,24.48654267
LAKE,26085,0
LAKE,27075,0
LAKE,30047,19.4844024
LAKE,39085,33.98041334
LAKE,41037,25.48030373
LAKE,46079,0
LAKE,47095,0
LAKE AND PENINSULA,2164,0
LAKE OF THE WOODS,27077,0
LAMAR,1075,0
LAMAR,13171,19.46450971
LAMAR,28073,13.09534722
LAMAR,48277,15.72143234
LAMB,48279,16.51602054
LAMOILLE,50015,13.46140141
LAMOURE,38045,0
LAMPASAS,48281,0
LANCASTER,31109,8.38964073
LANCASTER,42071,21.15103173
LANCASTER,45057,16.12448099
LANCASTER,51103,18.3311336
LANDER,32015,0
LANE,20101,0
LANE,41039,21.94991085
LANGLADE,55067,12.4633888
LANIER,13173,0
LAPEER,26087,17.00418076
LAPORTE,56021,14.72546216
LARAMIE,8069,15.01017028
LARIMER,21123,0
LARUE,8071,52.14646109
LAS ANIMAS,17099,26.77700724
LASALLE,22059,18.73787057
LASSEN,6035,27.57665348
LATAH,16057,13.27533035
LATIMER,40077,24.88895696
LAUDERDALE,1077,12.09673064
LAUDERDALE,28075,8.516348809
LAUDERDALE,47097,18.155685
LAUREL,21125,22.57621131
LAURENS,13175,10.51511443
LAURENS,45059,21.27181485
LAVACA,48285,0
LAWRENCE,1079,17.48652332
LAWRENCE,5075,0
LAWRENCE,17101,15.98622725
LAWRENCE,18093,11.83945696
LAWRENCE,21127,31.76539351
LAWRENCE,28077,15.88032586
LAWRENCE,29109,16.19839375
LAWRENCE,39087,44.4489808
LAWRENCE,42073,44.35299497
LAWRENCE,46081,8.734664708
LAWRENCE,47099,20.4604532
LE FLORE,40079,24.10122515
LE SUEUR,27079,0
LEA,35025,18.03617541
LEAKE,28079,14.02844267
LEAVENWORTH,20103,13.47429778
LEBANON,42075,14.999488
LEE,1081,8.29370784
LEE,5077,0
LEE,12071,23.37627322
LEE,13177,9.526142457
LEE,17103,15.0988101
LEE,19111,14.42252221
LEE,21129,40.54562831
LEE,28081,10.09242786
LEE,37105,19.94548235
LEE,45061,0
LEE,48287,0
LEE,51105,22.28255936
LEELANAU,26089,0
LEFLORE,28083,7.312905949
LEHIGH,42077,26.20786027
LEMHI,16059,0
LENAWEE,26091,23.93446015
LENOIR,37107,17.08763866
LEON,12073,9.022289219
LEON,48289,15.15875885
LESLIE,21131,58.88610288
LETCHER,21133,29.95779475
LEVY,12075,20.94439264
LEWIS,16061,0
LEWIS,21135,26.62721893
LEWIS,29111,0
LEWIS,36049,18.65114891
LEWIS,47101,18.39926403
LEWIS,53041,16.58546698
LEWIS,54041,22.10731875
LEWIS AND CLARK,30049,17.26041502
LEXINGTON,45063,18.37116886
LEXINGTON,51678,0
LIBERTY,12077,0
LIBERTY,13179,9.900420928
LIBERTY,30051,0
LIBERTY,48291,12.94400375
LICKING,39089,20.78072849
LIMESTONE,1083,7.728987352
LIMESTONE,48293,9.373029534
LINCOLN,5079,29.18685424
LINCOLN,8073,0
LINCOLN,13181,0
LINCOLN,16063,0
LINCOLN,20105,0
LINCOLN,21137,28.59944435
LINCOLN,23015,22.23509517
LINCOLN,27081,0
LINCOLN,28085,9.855129595
LINCOLN,29113,28.7685962
LINCOLN,30053,0
LINCOLN,31111,11.26849442
LINCOLN,32017,0
LINCOLN,35027,34.86964905
LINCOLN,37109,17.14824659
LINCOLN,40081,23.44840208
LINCOLN,41041,20.45433674
LINCOLN,46083,5.103212472
LINCOLN,47103,18.94690721
LINCOLN,53043,24.88514548
LINCOLN,54043,58.69433505
LINCOLN,55069,11.43657703
LINCOLN,56023,15.77320238
LINCOLN,22061,4.620373326
LINN,19113,12.98055081
LINN,20107,27.04276918
LINN,29115,0
LINN,41043,16.41918671
LIPSCOMB,48295,0
LITCHFIELD,9005,32.25965192
LITTLE RIVER,5081,0
LIVE OAK,48297,0
LIVINGSTON,17105,23.4487046
LIVINGSTON,21139,23.67882897
LIVINGSTON,26093,21.00994152
LIVINGSTON,29117,19.83208832
LIVINGSTON,36051,14.66065268
LIVINGSTON,22063,35.43165884
LLANO,48299,16.58148336
LOGAN,5083,21.11583412
LOGAN,8075,10.00882596
LOGAN,17107,20.41691337
LOGAN,20109,0
LOGAN,21141,13.39096408
LOGAN,31113,0
LOGAN,38047,0
LOGAN,39091,28.22603764
LOGAN,40083,12.50350314
LOGAN,54045,70.88553758
LONG,13183,10.95374235
LONOKE,5085,17.68029062
LORAIN,39093,36.00517379
LOS ALAMOS,35028,18.58878331
LOS ANGELES,6037,8.685456803
LOUDON,47105,31.71398625
LOUDOUN,51107,8.188420744
LOUISA,19115,0
LOUISA,51109,15.26942044
LOUP,31115,0
LOVE,40085,28.10793447
LOVING,48301,0
LOWNDES,1085,0
LOWNDES,13185,8.728654076
LOWNDES,28087,9.422596733
LUBBOCK,48303,13.38456574
LUCAS,19117,0
LUCAS,39095,35.88855863
LUCE,26095,0
LUMPKIN,13187,22.52012736
LUNA,35029,18.07991322
LUNENBURG,51111,0
LUZERNE,42079,40.97818903
LYCOMING,42081,20.85835612
LYMAN,46085,0
LYNCHBURG,51680,11.68596093
LYNN,48305,0
LYON,19119,0
LYON,20111,8.390317574
LYON,21143,0
LYON,27083,10.11696771
LYON,32019,24.67446529
MACKINAC,26097,0
MACOMB,26099,37.56785261
MACON,1087,0
MACON,13193,0
MACON,17115,17.64542458
MACON,29121,0
MACON,37113,22.03294505
MACON,47111,16.10524353
MACOUPIN,17117,17.4546724
MADERA,6039,13.35379203
MADISON,1089,14.98948499
MADISON,5087,0
MADISON,12079,14.11080236
MADISON,13195,23.52469055
MADISON,16065,0
MADISON,17119,33.12212957
MADISON,18095,30.85338932
MADISON,19121,0
MADISON,21151,38.58979936
MADISON,28089,6.531992354
MADISON,29123,17.84266018
MADISON,30057,0
MADISON,31119,0
MADISON,36053,14.83318267
MADISON,37115,14.93303467
MADISON,39097,27.28761142
MADISON,47113,12.68674583
MADISON,48313,0
MADISON,51113,16.68157899
MADISON,22065,0
MAGOFFIN,21153,23.69481084
MAHASKA,19123,10.800108
MAHNOMEN,27087,65.35473096
MAHONING,39099,37.33056169
MAJOR,40093,0
MALHEUR,41045,11.15610009
MANASSAS,51683,16.3093011
MANASSAS PARK,51685,0
MANATEE,12081,35.74808342
MANISTEE,26101,27.00292123
MANITOWOC,55071,18.35319082
MARATHON,55073,10.46563219
MARENGO,1091,0
MARICOPA,4013,21.50264763
MARIES,29125,29.23319092
MARIN,6041,11.50974914
MARINETTE,55075,10.32362094
MARION,1093,0
MARION,5089,15.84844015
MARION,12083,31.16101711
MARION,13197,0
MARION,17121,24.66259471
MARION,18097,32.92900304
MARION,19125,11.42101467
MARION,20115,0
MARION,21155,15.40420638
MARION,28091,23.72179084
MARION,29127,20.15008338
MARION,39101,44.11845806
MARION,41047,12.8473544
MARION,45067,15.21510353
MARION,47115,21.07629619
MARION,48315,19.82239137
MARION,54049,20.16271666
MARIPOSA,6043,17.11098183
MARLBORO,45069,0
MARQUETTE,26103,20.03924102
MARQUETTE,55077,34.24026128
MARSHALL,1095,18.48060062
MARSHALL,17123,0
MARSHALL,18099,14.14693955
MARSHALL,19127,4.945769636
MARSHALL,20117,0
MARSHALL,21157,20.51387251
MARSHALL,27089,0
MARSHALL,28093,6.14453053
MARSHALL,40095,15.88368257
MARSHALL,46091,0
MARSHALL,47117,29.12922219
MARSHALL,54051,20.86468305
MARTIN,12085,23.18771533
MARTIN,18101,0
MARTIN,21159,40.25427282
MARTIN,27091,0
MARTIN,37117,19.92325217
MARTIN,48317,0
MARTINSVILLE,51690,35.90395692
MASON,17125,0
MASON,21161,41.96831392
MASON,26105,20.73885632
MASON,48319,0
MASON,53045,21.39556569
MASON,54053,49.85230325
MASSAC,17127,19.24319272
MATAGORDA,48321,13.05284226
MATANUSKA-SUSITNA,2170,18.74454089
MATHEWS,51115,22.69580808
MAUI,15009,15.24484307
MAURY,47119,22.01193536
MAVERICK,48323,4.150597513
MAYES,40097,25.89774787
MCCLAIN,42083,20.55970203
MCCONE,40087,19.13242222
MCCOOK,30055,0
MCCORMICK,46087,0
MCCRACKEN,45065,0
MCCREARY,21145,19.00517125
MCCULLOCH,21147,22.69503546
MCCURTAIN,48307,0
MCDONALD,40089,21.28552402
MCDONOUGH,29119,11.40661057
MCDOWELL,17109,6.452154052
MCDOWELL,37111,26.58454995
MCDUFFIE,54047,80.12236871
MCHENRY,13189,10.23932085
MCHENRY,17111,18.51464476
MCINTOSH,38049,0
MCINTOSH,13191,18.42508079
MCINTOSH,38051,0
MCKEAN,40091,31.17144294
MCKENZIE,38053,17.51620249
MCKINLEY,35031,12.68271885
MCLEAN,17113,15.95812957
MCLEAN,21149,0
MCLEAN,38055,0
MCLENNAN,48309,10.21793981
MCLEOD,27085,6.688478538
MCMINN,47107,25.73057814
MCMULLEN,48311,0
MCNAIRY,47109,21.52124454
MCPHERSON,20113,7.626654464
MCPHERSON,31117,0
MCPHERSON,46089,0
MEADE,20119,0
MEADE,21163,23.93388616
MEADE,46093,0
MEAGHER,30059,0
MECKLENBURG,37119,15.55333257
MECKLENBURG,51117,17.47561504
MECOSTA,26107,10.16588882
MEDINA,39103,21.86748305
MEDINA,48325,4.055462505
MEEKER,27093,0
MEIGS,39105,32.78716814
MEIGS,47121,36.72174929
MELLETTE,46095,0
MENARD,17129,19.33519166
MENARD,48327,0
MENDOCINO,6045,29.62827905
MENIFEE,21165,0
MENOMINEE,26109,17.15677864
MENOMINEE,55078,43.66621545
MERCED,6047,14.13853395
MERCER,17131,12.69809021
MERCER,21167,24.18649649
MERCER,29129,0
MERCER,34021,22.00697121
MERCER,38057,0
MERCER,39107,13.20035201
MERCER,42085,33.30593271
MERCER,54055,67.15161379
MERIWETHER,13199,16.10168689
MERRICK,31121,0
MERRIMACK,33013,29.1629429
MESA,8077,19.55635023
METCALFE,21169,21.97626563
MIAMI,18103,15.07445104
MIAMI,20121,16.92047377
MIAMI,39109,28.80871206
MIAMI-DADE,12086,9.453470848
MIDDLESEX,9007,29.56891696
MIDDLESEX,25017,23.33323998
MIDDLESEX,34023,19.72889253
MIDDLESEX,51119,20.54999253
MIDLAND,26111,12.22608183
MIDLAND,48329,7.954972408
MIFFLIN,42087,22.41340667
MILAM,48331,13.72916397
MILLARD,49027,15.67054251
MILLE LACS,27095,25.47298706
MILLER,5091,7.773240847
MILLER,13201,0
MILLER,29131,10.31549546
MILLS,19129,0
MILLS,48333,0
MILWAUKEE,55079,32.7327091
MINER,46097,0
MINERAL,8079,0
MINERAL,30061,0
MINERAL,32021,0
MINERAL,54057,28.55009443
MINGO,54059,73.64425777
MINIDOKA,16067,13.59830604
MINNEHAHA,46099,10.88709548
MISSAUKEE,26113,13.30618871
MISSISSIPPI,5093,21.00781491
MISSISSIPPI,29133,21.74259665
MISSOULA,30063,12.43035977
MITCHELL,13205,9.796238245
MITCHELL,19131,0
MITCHELL,20123,0
MITCHELL,37121,23.76080787
MITCHELL,48335,0
MOBILE,1097,15.33959845
MODOC,6049,24.76417749
MOFFAT,8081,0
MOHAVE,4015,28.15268853
MONITEAU,29135,0
MONMOUTH,34025,26.21709092
MONO,6051,0
MONONA,19133,0
MONONGALIA,54061,22.14708336
MONROE,1099,10.22837164
MONROE,5095,0
MONROE,12087,25.40604301
MONROE,13207,13.2262497
MONROE,17133,9.994062351
MONROE,18105,17.870816
MONROE,19135,0
MONROE,21171,18.74906255
MONROE,26115,35.79595239
MONROE,28095,7.256934559
MONROE,29137,0
MONROE,36055,21.00446847
MONROE,39111,18.3563965
MONROE,42089,21.52178124
MONROE,47123,31.36284635
MONROE,54063,23.83080131
MONROE,55081,14.02112809
MONTAGUE,48337,16.45633415
MONTCALM,26117,18.9675339
MONTEREY,6053,11.63766833
MONTEZUMA,8083,19.81148609
MONTGOMERY,1101,7.777520491
MONTGOMERY,5097,0
MONTGOMERY,13209,0
MONTGOMERY,17135,19.3637621
MONTGOMERY,18107,22.47566878
MONTGOMERY,19137,0
MONTGOMERY,20125,18.20377304
MONTGOMERY,21173,43.88994417
MONTGOMERY,24031,10.10371038
MONTGOMERY,28097,0
MONTGOMERY,29139,24.08146415
MONTGOMERY,36057,17.78424478
MONTGOMERY,37123,10.94355315
MONTGOMERY,39113,64.4994937
MONTGOMERY,42091,24.31596161
MONTGOMERY,47125,19.68931479
MONTGOMERY,48339,12.72270134
MONTGOMERY,51121,10.58970396
MONTMORENCY,26119,0
MONTOUR,42093,33.67625172
MONTROSE,8085,13.50777662
MOODY,46101,0
MOORE,37125,13.98306588
MOORE,47127,0
MOORE,48341,0
MORA,35033,0
MOREHOUSE,22067,21.49464553
MORGAN,1103,16.77596206
MORGAN,8087,13.40747431
MORGAN,13211,14.21743933
MORGAN,17137,15.71521699
MORGAN,18109,30.09734341
MORGAN,21175,0
MORGAN,29141,14.83283396
MORGAN,39115,17.63022634
MORGAN,47129,26.87001399
MORGAN,49029,0
MORGAN,54065,43.14161804
MORRILL,31123,0
MORRIS,20127,0
MORRIS,34027,15.29150178
MORRIS,48343,0
MORRISON,27097,17.61429552
MORROW,39117,21.09849003
MORROW,41049,0
MORTON,20129,0
MORTON,38059,7.851758794
MOTLEY,48345,0
MOULTRIE,17139,0
MOUNTRAIL,38061,25.57142295
MOWER,27099,13.69314176
MUHLENBERG,21177,17.41845582
MULTNOMAH,41051,20.89705828
MURRAY,13213,23.23314461
MURRAY,27101,0
MURRAY,40099,38.86961404
MUSCATINE,19139,6.987696995
MUSCOGEE,13215,10.53517685
MUSKEGON,26121,25.6403445
MUSKINGUM,39119,22.76380462
MUSKOGEE,40101,33.46894025
MUSSELSHELL,30065,0
NACOGDOCHES,48347,11.27835592
NANCE,31125,0
NANTUCKET,25019,0
NAPA,6055,10.61302232
NASH,37127,21.05093049
NASSAU,12089,20.77983762
NASSAU,36059,15.09692431
NATCHITOCHES,22069,8.197267236
NATRONA,56025,19.57854093
NAVAJO,4017,20.1537179
NAVARRO,48349,11.91909809
NELSON,21179,22.4681481
NELSON,38063,0
NELSON,51125,13.46203034
NEMAHA,20131,0
NEMAHA,31127,0
NEOSHO,20133,16.07438732
NESHOBA,28099,13.62165844
NESS,20135,0
NEVADA,5099,0
NEVADA,6057,18.53392615
NEW CASTLE,10003,32.20048879
NEW HANOVER,37129,30.81427389
NEW HAVEN,9009,28.30752871
NEW KENT,51127,17.0401295
NEW LONDON,9011,31.82457701
NEW MADRID,29143,24.64350924
NEW YORK,36061,15.94071902
NEWAYGO,26123,12.03719077
NEWBERRY,45071,8.382141847
NEWPORT,44005,22.72908622
NEWPORT NEWS,51700,19.22250491
NEWTON,5101,0
NEWTON,13217,12.17762091
NEWTON,18111,32.75000356
NEWTON,28101,11.13534079
NEWTON,29145,13.67694375
NEWTON,48351,15.75366989
NEZ PERCE,16069,16.40020475
NIAGARA,36063,23.68603826
NICHOLAS,21181,0
NICHOLAS,54067,38.69938476
NICOLLET,27103,7.134321437
NIOBRARA,56027,0
NOBLE,18113,8.404314775
NOBLE,39121,25.08955578
NOBLE,40103,19.29892277
NOBLES,27105,10.08471158
NODAWAY,29147,0
NOLAN,48353,18.73812137
NOME,2180,0
NORFOLK,25021,26.55271817
NORFOLK,51710,22.43588436
NORMAN,27107,0
NORTH SLOPE,2185,0
NORTHAMPTON,37131,14.93622233
NORTHAMPTON,42095,28.37352254
NORTHAMPTON,51131,16.66777785
NORTHUMBERLAND,42097,26.14277412
NORTHUMBERLAND,51133,0
NORTHWEST ARCTIC,2188,0
NORTON,20137,0
NORTON,51720,0
NOTTOWAY,51135,0
NOWATA,40105,0
NOXUBEE,28103,0
NUCKOLLS,31129,0
NUECES,48355,19.10291808
NYE,32023,36.74275479
O'BRIEN,19141,0
OAKLAND,26125,23.6598917
OBION,47131,9.816111511
OCEAN,34029,33.53428063
OCEANA,26127,15.979303
OCHILTREE,48357,0
OCONEE,13219,7.019590056
OCONEE,45073,26.11620667
OCONTO,55083,0
OGEMAW,26129,28.62240371
OGLE,17141,15.56402065
OGLETHORPE,13221,0
OHIO,18115,33.81005511
OHIO,21183,16.55081099
OHIO,54069,35.26093089
OKALOOSA,12091,21.5580403
OKANOGAN,53047,17.28824303
OKEECHOBEE,12093,25.73314726
OKFUSKEE,40107,24.68241954
OKLAHOMA,40109,20.47822282
OKMULGEE,40111,22.59190799
OKTIBBEHA,28105,0
OLDHAM,21185,16.5233622
OLDHAM,48359,0
OLIVER,38065,0
OLMSTED,27109,9.790713704
ONEIDA,16071,0
ONEIDA,36065,21.94441325
ONEIDA,55085,10.70693979
ONONDAGA,36067,22.87494743
ONSLOW,37133,18.47551784
ONTARIO,36069,18.40181176
ONTONAGON,26131,0
ORANGE,6059,12.69525814
ORANGE,12095,16.96250057
ORANGE,18117,11.28425026
ORANGE,36071,24.1416917
ORANGE,37135,11.3359168
ORANGE,48361,17.56568141
ORANGE,50017,15.90044936
ORANGE,51137,34.14287393
ORANGEBURG,45075,11.54862537
OREGON,29149,18.60395892
ORLEANS,36073,9.200656636
ORLEANS,50019,22.25634862
ORLEANS,22071,35.85111785
OSAGE,20139,17.64579841
OSAGE,29151,0
OSAGE,40113,20.17476389
OSBORNE,20141,0
OSCEOLA,12097,17.09665645
OSCEOLA,19143,0
OSCEOLA,26133,21.56324932
OSCODA,26135,0
OSWEGO,36075,18.77865002
OTERO,8089,23.94323277
OTERO,35035,21.07179067
OTOE,31131,0
OTSEGO,26137,25.39235281
OTSEGO,36077,17.56688675
OTTAWA,20143,0
OTTAWA,26139,12.9294448
OTTAWA,39123,24.00866272
OTTAWA,40115,21.48309154
OTTER TAIL,27111,9.63546954
OUACHITA,5103,17.39015221
OUACHITA,22073,16.52960337
OURAY,8091,0
OUTAGAMIE,55087,9.748689614
OVERTON,47133,27.20150878
OWEN,18119,12.45628324
OWEN,21187,54.04196638
OWSLEY,21189,44.70872267
OWYHEE,16073,0
OXFORD,23017,17.43898101
OZARK,29153,0
OZAUKEE,55089,10.4258743
PACIFIC,53049,20.69224981
PAGE,19145,0
PAGE,51139,16.8219897
PALM BEACH,12099,30.8804387
PALO ALTO,19147,0
PALO PINTO,48363,19.08275555
PAMLICO,37137,35.98867139
PANOLA,28107,14.62441575
PANOLA,48365,8.516581785
PARK,8093,21.96988969
PARK,30067,19.73968293
PARK,56029,10.92433532
PARKE,18121,0
PARKER,48367,11.376197
PARMER,48369,0
PASCO,12101,29.40394341
PASQUOTANK,37139,19.10872867
PASSAIC,34031,19.34240539
PATRICK,51141,21.21245953
PAULDING,13223,16.91139072
PAULDING,39125,0
PAWNEE,20145,0
PAWNEE,31133,0
PAWNEE,40117,31.63632824
PAYETTE,16075,19.04366192
PAYNE,40119,8.870053713
PEACH,13225,11.87886527
PEARL RIVER,28109,27.13635476
PECOS,48371,0
PEMBINA,38067,0
PEMISCOT,29155,11.72291713
PEND OREILLE,53051,16.62837102
PENDER,37141,24.65624799
PENDLETON,21191,52.36828687
PENDLETON,54071,0
PENNINGTON,27113,15.50868486
PENNINGTON,46103,8.208892602
PENOBSCOT,23019,28.51642323
PEORIA,17143,23.85656565
PEPIN,55091,0
PERKINS,31135,0
PERKINS,46105,0
PERQUIMANS,37143,17.87389964
PERRY,1105,0
PERRY,5105,0
PERRY,17145,17.75186628
PERRY,18123,11.46430433
PERRY,21193,38.47576767
PERRY,28111,18.11832916
PERRY,29157,18.74121506
PERRY,39127,21.69305989
PERRY,42099,27.02643796
PERRY,47135,0
PERSHING,32027,0
PERSON,37145,16.78945012
PETERSBURG,2195,0
PETERSBURG,51730,31.80007108
PETROLEUM,30069,0
PETTIS,29159,12.27613755
PHELPS,29161,21.00793385
PHELPS,31137,0
PHILADELPHIA,42101,49.42363266
PHILLIPS,5107,10.52421095
PHILLIPS,8095,0
PHILLIPS,20147,0
PHILLIPS,30071,0
PIATT,17147,15.81143045
PICKAWAY,39129,22.96810565
PICKENS,1107,17.70485998
PICKENS,13227,19.39162023
PICKENS,45077,29.02151831
PICKETT,47137,0
PIERCE,13229,17.71553027
PIERCE,31139,0
PIERCE,38069,0
PIERCE,53053,18.67484334
PIERCE,55093,7.227487581
PIKE,1109,6.613518031
PIKE,5109,20.34061281
PIKE,13231,0
PIKE,17149,12.59556888
PIKE,18125,0
PIKE,21195,37.9956784
PIKE,28113,12.58102178
PIKE,29163,12.9872941
PIKE,39131,43.98098886
PIKE,42103,33.29443016
PIMA,4019,24.89892666
PINAL,4021,14.25572973
PINE,27115,17.15571903
PINELLAS,12103,26.57171485
PIPESTONE,27117,0
PISCATAQUIS,23021,23.70426558
PITKIN,8097,11.23532386
PITT,37147,19.1576926
PITTSBURG,40121,25.28559173
PITTSYLVANIA,51143,11.67046497
PIUTE,49031,0
PLACER,6061,12.00882465
PLAQUEMINES,22075,29.01915264
PLATTE,29165,10.94524338
PLATTE,31141,7.27660813
PLATTE,56031,0
PLEASANTS,54073,0
PLUMAS,6063,27.90058806
PLYMOUTH,19149,0
PLYMOUTH,25023,35.2929156
POCAHONTAS,19151,0
POCAHONTAS,54075,0
POINSETT,5111,19.09712132
POINTE COUPEE,22077,16.21271077
POLK,5113,0
POLK,12105,18.92166818
POLK,13233,17.7043658
POLK,19153,15.3544257
POLK,27119,11.38916131
POLK,29167,19.04000305
POLK,31143,0
POLK,37149,22.49916851
POLK,41053,10.53766603
POLK,47139,20.25497438
POLK,48373,14.15722851
POLK,55095,9.659302598
PONDERA,30073,0
PONTOTOC,28115,17.21049713
PONTOTOC,40123,17.27748691
POPE,5115,11.62772427
POPE,17151,0
POPE,27121,0
POQUOSON,51735,0
PORTAGE,39133,26.13148079
PORTAGE,55097,8.221049856
PORTER,18127,25.22149109
PORTSMOUTH,51740,26.43388068
POSEY,18129,8.616435459
POTTAWATOMIE,20149,11.01312256
POTTAWATOMIE,40125,24.10766984
POTTAWATTAMIE,19155,12.62572223
POTTER,42105,16.54689864
POTTER,46107,0
POTTER,48375,15.88438813
POWDER RIVER,30075,0
POWELL,21197,54.99215553
POWELL,30077,0
POWER,16077,0
POWESHIEK,19157,0
POWHATAN,51145,14.01414027
PRAIRIE,5117,0
PRAIRIE,30079,0
PRATT,20151,0
PREBLE,39135,45.08456993
PRENTISS,28117,10.25891934
PRESIDIO,48377,0
PRESQUE ISLE,26141,0
PRESTON,54077,21.89297295
PRICE,55099,0
PRINCE EDWARD,51147,10.4510499
PRINCE GEORGE,51149,13.76163785
PRINCE GEORGE'S,24033,12.85189207
PRINCE OF WALES-HYDER,2198,0
PRINCE WILLIAM,51153,11.3832436
PROVIDENCE,44007,31.96156039
PROWERS,8099,23.27746741
PUEBLO,8101,28.74145184
PULASKI,5119,15.87582661
PULASKI,13235,0
PULASKI,17153,0
PULASKI,18131,33.06097388
PULASKI,21199,19.9603911
PULASKI,29169,23.16010084
PULASKI,51155,26.88376279
PUSHMATAHA,40127,30.51133406
PUTNAM,12107,17.85370945
PUTNAM,13237,0
PUTNAM,17155,0
PUTNAM,18133,13.82096534
PUTNAM,29171,0
PUTNAM,36079,23.20213702
PUTNAM,39137,11.18127196
PUTNAM,47141,23.08705393
PUTNAM,54079,39.07996606
QUAY,35037,28.65329513
QUEEN ANNE'S,24035,27.97395584
QUEENS,36081,10.43737951
QUITMAN,13239,0
QUITMAN,28119,0
RABUN,13241,23.0157961
RACINE,55101,19.63113908
RADFORD,51750,0
RAINS,48379,17.41310859
RALEIGH,54081,69.17731403
RALLS,29173,0
RAMSEY,27123,16.45986653
RAMSEY,38071,0
RANDALL,48381,12.54339182
RANDOLPH,1111,13.24129164
RANDOLPH,5121,0
RANDOLPH,13243,0
RANDOLPH,17157,19.64745105
RANDOLPH,18135,39.86891102
RANDOLPH,29175,8.008136266
RANDOLPH,37151,28.36677259
RANDOLPH,54083,17.22130758
RANKIN,28121,13.27458885
RANSOM,38073,0
RAPIDES,22079,21.08415003
RAPPAHANNOCK,51157,0
RAVALLI,30081,10.94060678
RAWLINS,20153,0
RAY,29177,16.63005138
REAGAN,48383,0
REAL,48385,0
RED LAKE,27125,0
RED RIVER,48387,0
RED RIVER,22081,0
RED WILLOW,31145,0
REDWOOD,27127,15.6311059
REEVES,48389,20.00586839
REFUGIO,48391,0
RENO,20155,17.42800649
RENSSELAER,36083,12.13601343
RENVILLE,27129,0
RENVILLE,38075,0
REPUBLIC,20157,0
REYNOLDS,29179,0
RHEA,47143,19.59055735
RICE,20159,0
RICE,27131,8.519338899
RICH,49033,0
RICHARDSON,31147,0
RICHLAND,17159,0
RICHLAND,30083,0
RICHLAND,38077,0
RICHLAND,39139,43.20266999
RICHLAND,45079,15.94651363
RICHLAND,55103,14.85272947
RICHLAND,22083,10.75310863
RICHMOND,13245,24.50003075
RICHMOND,36085,23.78661973
RICHMOND,37153,20.81543354
RICHMOND,51159,22.44114809
RICHMOND,51760,30.25618394
RILEY,20161,4.843149231
RINGGOLD,19159,0
RIO ARRIBA,35039,87.61844951
RIO BLANCO,8103,0
RIO GRANDE,8105,36.72612802
RIPLEY,18137,26.57175423
RIPLEY,29181,17.50470439
RITCHIE,54085,0
RIVERSIDE,6065,16.54944561
ROANE,47145,49.89586129
ROANE,54087,26.65469544
ROANOKE,51161,20.84982171
ROANOKE,51770,32.68222849
ROBERTS,46109,0
ROBERTS,48393,0
ROBERTSON,21201,0
ROBERTSON,47147,19.30819042
ROBERTSON,48395,0
ROBESON,37155,18.45104248
ROCK,27133,0
ROCK,31149,0
ROCK,55105,25.81222042
ROCK ISLAND,17161,12.13349603
ROCKBRIDGE,51163,10.66818392
ROCKCASTLE,21203,33.30716342
ROCKDALE,13247,16.33581056
ROCKINGHAM,33015,30.30526141
ROCKINGHAM,37157,23.00180071
ROCKINGHAM,51165,7.53808618
ROCKLAND,36087,11.46362964
ROCKWALL,48397,9.785297803
ROGER MILLS,40129,0
ROGERS,40131,12.72457225
ROLETTE,38079,16.49348507
ROOKS,20163,0
ROOSEVELT,30085,33.76577217
ROOSEVELT,35041,10.49009735
ROSCOMMON,26143,27.65394027
ROSEAU,27135,0
ROSEBUD,30087,0
ROSS,39141,49.0179551
ROUTT,8107,17.7999288
ROWAN,21205,26.42487902
ROWAN,37159,33.01834877
RUNNELS,48399,0
RUSH,18139,23.94607344
RUSH,20165,0
RUSK,48401,5.617809204
RUSK,55107,14.10795406
RUSSELL,1113,13.34400854
RUSSELL,20167,0
RUSSELL,21207,47.32181085
RUSSELL,51167,22.61453166
RUTHERFORD,37161,27.34473599
RUTHERFORD,47149,19.96337663
RUTLAND,50021,23.91450061
SABINE,48403,0
SABINE,22085,11.62674816
SAC,19161,0
SACRAMENTO,6067,18.0331072
SAGADAHOC,23023,10.76529947
SAGINAW,26145,22.62868508
SAGUACHE,8109,0
SALEM,34033,35.87952035
SALEM,51775,25.00605615
SALINE,5125,16.70530824
SALINE,17165,23.87322494
SALINE,20169,17.77145904
SALINE,29195,12.15911065
SALINE,31151,0
SALT LAKE,49035,25.49614063
SALUDA,45081,0
SAMPSON,37163,22.01576329
SAN AUGUSTINE,48405,0
SAN BENITO,6069,10.72673639
SAN BERNARDINO,6071,12.044981
SAN DIEGO,6073,14.37650007
SAN FRANCISCO,6075,22.88881134
SAN JACINTO,48407,17.958738
SAN JOAQUIN,6077,17.66709423
SAN JUAN,8111,0
SAN JUAN,35045,18.04550749
SAN JUAN,49037,0
SAN JUAN,53055,14.55445184
SAN LUIS OBISPO,6079,16.23208623
SAN MATEO,6081,8.982971003
SAN MIGUEL,8113,0
SAN MIGUEL,35047,40.91741144
SAN PATRICIO,48409,15.47457854
SAN SABA,48411,0
SANBORN,46111,0
SANDERS,30089,0
SANDOVAL,35043,20.37602252
SANDUSKY,39143,29.94797801
SANGAMON,17167,21.6816885
SANILAC,26151,14.98149061
SANPETE,49039,16.96963115
SANTA BARBARA,6083,15.49667518
SANTA CLARA,6085,8.357815244
SANTA CRUZ,4023,13.8011938
SANTA CRUZ,6087,18.82146961
SANTA FE,35049,29.82640228
SANTA ROSA,12113,15.32916754
SARASOTA,12115,24.11547869
SARATOGA,36091,10.27889181
SARGENT,38081,0
SARPY,31153,7.392423438
SAUK,55111,18.48370927
SAUNDERS,31155,0
SAWYER,55113,23.14561025
SCHENECTADY,36093,17.27233706
SCHLEICHER,48413,0
SCHLEY,13249,0
SCHOHARIE,36095,8.932559178
SCHOOLCRAFT,26153,0
SCHUYLER,17169,0
SCHUYLER,29197,0
SCHUYLER,36097,0
SCHUYLKILL,42107,30.3369348
SCIOTO,39145,53.45883931
SCOTLAND,29199,0
SCOTLAND,37165,18.15788279
SCOTT,5127,19.13985492
SCOTT,17171,0
SCOTT,18143,50.44814771
SCOTT,19163,16.12942529
SCOTT,20171,0
SCOTT,21209,28.66929779
SCOTT,27139,8.21475314
SCOTT,28123,8.472182999
SCOTT,29201,20.13890682
SCOTT,47151,27.29456292
SCOTT,51169,17.29804532
SCOTTS BLUFF,31157,14.32506887
SCREVEN,13251,0
SCURRY,48415,17.40300724
SEARCY,5129,0
SEBASTIAN,5131,15.19878284
SEDGWICK,8115,0
SEDGWICK,20173,16.95533714
SEMINOLE,12117,19.40613708
SEMINOLE,13253,0
SEMINOLE,40133,23.08329088
SENECA,36099,15.58063846
SENECA,39147,21.65423954
SEQUATCHIE,47153,22.96552469
SEQUOYAH,40135,31.51729087
SEVIER,5133,0
SEVIER,47155,33.93625364
SEVIER,49041,20.77843576
SEWARD,20175,0
SEWARD,31159,0
SHACKELFORD,48417,0
SHANNON,29203,0
SHANNON,46113,13.95303409
SHARKEY,28125,0
SHARP,5135,16.32957753
SHASTA,6089,22.58242865
SHAWANO,55115,10.69643517
SHAWNEE,20177,15.825573
SHEBOYGAN,55117,15.9421646
SHELBY,1117,19.6152381
SHELBY,17173,11.00917431
SHELBY,18145,21.13603965
SHELBY,19165,0
SHELBY,21211,25.33776529
SHELBY,29205,0
SHELBY,39149,25.83438926
SHELBY,47157,19.72588702
SHELBY,48419,0
SHENANDOAH,51171,19.89745868
SHERBURNE,27141,10.92158941
SHERIDAN,20179,0
SHERIDAN,30091,0
SHERIDAN,31161,0
SHERIDAN,38083,0
SHERIDAN,56033,12.60916886
SHERMAN,20181,0
SHERMAN,31163,0
SHERMAN,41055,0
SHERMAN,48421,0
SHIAWASSEE,26155,19.2563546
SHOSHONE,16079,31.94275858
SIBLEY,27143,0
SIERRA,6091,0
SIERRA,35051,32.21072975
SILVER BOW,30093,22.48486596
SIMPSON,21213,22.08675678
SIMPSON,28127,11.825398
SIOUX,19167,0
SIOUX,31165,0
SIOUX,38085,0
SISKIYOU,6093,27.47730832
SITKA,2220,0
SKAGIT,53057,17.91140149
SKAGWAY,2232,0
SKAMANIA,53059,0
SLOPE,38087,0
SMITH,20183,0
SMITH,28129,12.46323346
SMITH,47159,33.90561909
SMITH,48423,8.710987222
SMYTH,51173,18.03949361
SNOHOMISH,53061,18.64724643
SNYDER,42109,11.84740542
SOCORRO,35053,19.97039682
SOLANO,6095,15.27621303
SOMERSET,23025,26.72861416
SOMERSET,24039,27.87499613
SOMERSET,34035,14.58085444
SOMERSET,42111,30.64590917
SOMERVELL,48425,0
SONOMA,6097,15.77898582
SOUTHAMPTON,51175,11.1655743
SOUTHEAST FAIRBANKS,2240,0
SPALDING,13255,17.88329608
SPARTANBURG,45083,22.20681551
SPENCER,18147,0
SPENCER,21215,27.43122991
SPINK,46115,0
SPOKANE,53063,19.31772365
SPOTSYLVANIA,51177,18.21095571
ST. BERNARD,22087,39.39972333
ST. CHARLES,29183,21.83845999
ST. CHARLES,22089,20.44618111
ST. CLAIR,1115,32.36991057
ST. CLAIR,17163,20.81943471
ST. CLAIR,26147,36.5810728
ST. CLAIR,29185,0
ST. CROIX,55109,8.849597684
ST. FRANCIS,5123,8.393550701
ST. FRANCOIS,29187,34.28530183
ST. HELENA,22091,34.40169715
ST. JAMES,22093,12.1307131
ST. JOHN THE BAPTIST,22095,23.43459222
ST. JOHNS,12109,13.67049356
ST. JOSEPH,18141,22.13301347
ST. JOSEPH,26149,15.09151693
ST. LANDRY,22097,15.56137045
ST. LAWRENCE,36089,13.63351299
ST. LOUIS,27137,18.7790801
ST. LOUIS,29189,25.73291792
ST. LOUIS,29510,56.10640808
ST. LUCIE,12111,23.97545749
ST. MARTIN,22099,10.41089575
ST. MARY,22101,20.86456579
ST. MARY'S,24037,23.58351512
ST. TAMMANY,22103,29.82696405
STAFFORD,20185,0
STAFFORD,51179,13.69360896
STANISLAUS,6099,17.23464096
STANLEY,46117,0
STANLY,37167,26.17270056
STANTON,20187,0
STANTON,31167,0
STARK,17175,0
STARK,38089,10.32717791
STARK,39151,25.95485781
STARKE,18149,40.04561718
STARR,48427,0
STAUNTON,51790,24.43653425
STE. GENEVIEVE,29186,21.20677724
STEARNS,27145,11.40513872
STEELE,27147,9.248026634
STEELE,38091,0
STEPHENS,13257,17.86518774
STEPHENS,40137,22.29694987
STEPHENS,48429,0
STEPHENSON,17177,13.61948905
STERLING,48431,0
STEUBEN,18151,8.727729743
STEUBEN,36101,14.01940451
STEVENS,20189,0
STEVENS,27149,0
STEVENS,53065,15.77500338
STEWART,13259,0
STEWART,47161,18.00828381
STILLWATER,30095,0
STODDARD,29207,13.52338193
STOKES,37169,33.03615285
STONE,5137,0
STONE,28131,16.52237129
STONE,29209,21.08060457
STONEWALL,48433,0
STOREY,32029,0
STORY,19169,6.835255835
STRAFFORD,33017,38.99398647
STUTSMAN,38093,10.43999848
SUBLETTE,56035,0
SUFFOLK,25025,30.01426249
SUFFOLK,36103,25.05626953
SUFFOLK,51800,10.77049423
SULLIVAN,18153,17.27182007
SULLIVAN,29211,0
SULLIVAN,33019,19.0436378
SULLIVAN,36105,34.25348642
SULLIVAN,42113,0
SULLIVAN,47163,30.05102307
SULLY,46119,0
SUMMERS,54089,47.48701766
SUMMIT,8117,7.914157769
SUMMIT,39153,39.26338492
SUMMIT,49043,17.31953049
SUMNER,20191,0
SUMNER,47165,20.123364
SUMTER,1119,0
SUMTER,12119,11.94457716
SUMTER,13261,7.237794447
SUMTER,45085,14.73457253
SUNFLOWER,28133,0
SURRY,37171,28.45335308
SURRY,51181,0
SUSQUEHANNA,42115,31.06464358
SUSSEX,10005,29.05577801
SUSSEX,34037,23.4029583
SUSSEX,51183,0
SUTTER,6101,12.43739843
SUTTON,48435,0
SUWANNEE,12121,10.45658924
SWAIN,37173,25.14212283
SWEET GRASS,30097,0
SWEETWATER,56037,20.87246921
SWIFT,27151,0
SWISHER,48437,0
SWITZERLAND,18155,26.45702623
TALBOT,13263,0
TALBOT,24041,23.05580577
TALIAFERRO,13265,0
TALLADEGA,1121,14.67004824
TALLAHATCHIE,28135,0
TALLAPOOSA,1123,12.75047324
TAMA,19171,0
TANEY,29213,18.19743489
TANGIPAHOA,22105,28.18679265
TAOS,35055,27.93194321
TARRANT,48439,9.976065376
TATE,28137,23.96036673
TATTNALL,13267,18.21493625
TAYLOR,12123,13.54940112
TAYLOR,13269,0
TAYLOR,19173,0
TAYLOR,21217,24.39120343
TAYLOR,48441,13.78988615
TAYLOR,54091,18.90537858
TAYLOR,55119,0
TAZEWELL,17179,19.53049291
TAZEWELL,51185,28.51019952
TEHAMA,6103,11.33883267
TELFAIR,13271,0
TELLER,8119,17.42073565
TENSAS,22107,0
TERREBONNE,22109,29.9843691
TERRELL,13273,0
TERRELL,48443,0
TERRY,48445,0
TETON,16081,0
TETON,30099,0
TETON,56039,0
TEXAS,29215,12.45979768
TEXAS,40139,16.06881233
THAYER,31169,0
THOMAS,13275,8.017924516
THOMAS,20193,0
THOMAS,31171,0
THROCKMORTON,48447,0
THURSTON,31173,0
THURSTON,53067,13.50158535
TIFT,13277,9.338215418
TILLAMOOK,41057,23.73387436
TILLMAN,40141,0
TIOGA,36107,21.61315711
TIOGA,42117,15.92863969
TIPPAH,28139,0
TIPPECANOE,18157,17.11684319
TIPTON,18159,19.7057278
TIPTON,47167,23.72109195
TISHOMINGO,28141,25.65181256
TITUS,48449,7.332363832
TODD,21219,17.77059774
TODD,27153,0
TODD,46121,0
TOLLAND,9013,24.72606299
TOM GREEN,48451,11.53897714
TOMPKINS,36109,18.0048
TOOELE,49045,25.09594609
TOOLE,30101,0
TOOMBS,13279,16.22359058
TORRANCE,35057,34.84095748
TOWNER,38095,0
TOWNS,13281,0
TRAILL,38097,0
TRANSYLVANIA,37175,18.46238141
TRAVERSE,27155,0
TRAVIS,48453,12.21164565
TREASURE,30103,0
TREGO,20195,0
TREMPEALEAU,55121,8.129750823
TREUTLEN,13283,0
TRIGG,21221,19.51872403
TRIMBLE,21223,25.43293797
TRINITY,6105,17.11662647
TRINITY,48455,13.79786133
TRIPP,46123,0
TROUP,13285,15.75673887
TROUSDALE,47169,26.42589738
TRUMBULL,39155,49.61584855
TUCKER,54093,0
TULARE,6107,10.22153001
TULSA,40143,19.89766736
TUNICA,28143,0
TUOLUMNE,6109,29.9854515
TURNER,13287,0
TURNER,46125,0
TUSCALOOSA,1125,14.67427008
TUSCARAWAS,39157,15.99664503
TUSCOLA,26157,14.63991441
TWIGGS,13289,0
TWIN FALLS,16083,17.70301047
TYLER,48457,23.29481923
TYLER,54095,0
TYRRELL,37177,0
UINTA,56041,24.20299536
UINTAH,49047,19.25658575
ULSTER,36111,27.06528749
UMATILLA,41059,10.41143384
UNICOI,47171,37.05283959
UNION,5139,12.57336559
UNION,12125,30.25400208
UNION,13291,17.44606984
UNION,17181,15.13246729
UNION,18161,55.74602113
UNION,19175,0
UNION,21225,25.58302364
UNION,28145,9.859224361
UNION,34039,17.22706055
UNION,35059,0
UNION,37179,13.12555607
UNION,39159,15.10324144
UNION,41061,19.1937106
UNION,42119,8.452972555
UNION,45087,13.74093279
UNION,46127,0
UNION,47173,48.70365381
UNION,22111,0
UPSHUR,48459,7.82522363
UPSHUR,54097,16.25659408
UPSON,13293,12.94656116
UPTON,48461,0
UTAH,49049,17.5170673
UVALDE,48463,0
VAL VERDE,48465,6.116058323
VALDEZ-CORDOVA,2261,0
VALENCIA,35061,28.97970367
VALLEY,16085,21.09178762
VALLEY,30105,0
VALLEY,31175,0
VAN BUREN,5141,15.59519668
VAN BUREN,19177,0
VAN BUREN,26159,18.3364337
VAN BUREN,47175,0
VAN WERT,39161,19.02962984
VAN ZANDT,48467,13.96992056
VANCE,37181,20.70030015
VANDERBURGH,18163,26.97661513
VENANGO,42121,22.1156266
VENTURA,6111,15.35877198
VERMILION,17183,25.26567237
VERMILION,22113,13.68208181
VERMILLION,18165,20.50913939
VERNON,29217,13.52460996
VERNON,55123,10.44209207
VERNON,22115,12.24860721
VICTORIA,48469,8.259989697
VIGO,18167,16.88612443
VILAS,55125,21.3276954
VINTON,39163,29.03689214
VIRGINIA BEACH,51810,15.99503046
VOLUSIA,12127,25.06614889
WABASH,17185,0
WABASH,18169,23.91817467
WABASHA,27157,0
WABAUNSEE,20197,0
WADE HAMPTON,2270,0
WADENA,27159,15.98024261
WAGONER,40145,19.80926508
WAHKIAKUM,53069,0
WAKE,37183,11.48220125
WAKULLA,12129,15.67978124
WALDO,23027,20.29467874
WALKER,1127,23.18385415
WALKER,13295,16.34898067
WALKER,48471,5.32664979
WALLA WALLA,53071,23.84019125
WALLACE,20199,0
WALLER,48473,10.7989633
WALLOWA,41063,0
WALSH,38099,0
WALTHALL,28147,0
WALTON,12131,13.60840455
WALTON,13297,18.83443644
WALWORTH,46129,0
WALWORTH,55127,16.46999554
WAPELLO,19179,11.38848397
WARD,38101,5.754418674
WARD,48475,18.9204995
WARE,13299,19.64371906
WARREN,13301,0
WARREN,17187,0
WARREN,18171,0
WARREN,19181,10.50539007
WARREN,21227,14.30951806
WARREN,28149,6.368020649
WARREN,29219,30.65097965
WARREN,34041,28.33126947
WARREN,36113,10.52550112
WARREN,37185,0
WARREN,39165,25.39131723
WARREN,42123,10.4852682
WARREN,47177,16.79435315
WARREN,51187,32.01365916
WARRICK,18173,7.404045184
WASATCH,49051,13.74804418
WASCO,41065,13.04211067
WASECA,27161,0
WASHAKIE,56043,0
WASHBURN,55129,12.73398701
WASHINGTON,1129,0
WASHINGTON,5143,7.609717697
WASHINGTON,8121,0
WASHINGTON,12133,13.80385534
WASHINGTON,13303,0
WASHINGTON,16087,0
WASHINGTON,17189,19.77792219
WASHINGTON,18175,26.59096626
WASHINGTON,19183,0
WASHINGTON,20201,0
WASHINGTON,21229,16.55053706
WASHINGTON,23029,42.4141904
WASHINGTON,24043,41.28082413
WASHINGTON,27163,10.16111271
WASHINGTON,28151,6.36664219
WASHINGTON,29221,29.6785889
WASHINGTON,31177,0
WASHINGTON,36115,6.467907858
WASHINGTON,37187,0
WASHINGTON,39167,26.68792915
WASHINGTON,40147,15.39527365
WASHINGTON,41067,9.391916415
WASHINGTON,42125,40.42064417
WASHINGTON,44009,21.36796104
WASHINGTON,47179,24.35586591
WASHINGTON,48477,6.88033943
WASHINGTON,49053,20.2444989
WASHINGTON,50023,18.11693284
WASHINGTON,51191,17.6261278
WASHINGTON,55131,15.47584503
WASHINGTON,22117,54.2677727
WASHITA,40149,26.35462787
WASHOE,32031,23.4679757
WASHTENAW,26161,19.79051737
WATAUGA,37189,9.983213412
WATONWAN,27165,0
WAUKESHA,55133,15.49864249
WAUPACA,55135,10.85704758
WAUSHARA,55137,9.916945581
WAYNE,13305,22.11618368
WAYNE,17191,0
WAYNE,18177,59.09509511
WAYNE,19185,0
WAYNE,21231,22.41999474
WAYNE,26163,39.66512296
WAYNE,28153,15.64333203
WAYNE,29223,31.61983919
WAYNE,31179,0
WAYNE,36117,13.62550519
WAYNE,37191,16.60867069
WAYNE,39169,23.27285265
WAYNE,42127,31.66660151
WAYNE,47181,20.35562474
WAYNE,49055,0
WAYNE,54099,74.48660968
WAYNESBORO,51820,12.76219473
WEAKLEY,47183,16.60814274
WEBB,48479,11.04328896
WEBER,49057,28.39149288
WEBSTER,13307,0
WEBSTER,19187,12.52198152
WEBSTER,21233,18.22295789
WEBSTER,28155,0
WEBSTER,29225,23.1273423
WEBSTER,31181,0
WEBSTER,54101,41.96586776
WEBSTER,22119,12.61097659
WELD,8123,13.27271225
WELLS,18179,15.71821527
WELLS,38103,0
WEST BATON ROUGE,22121,16.27124948
WEST CARROLL,22123,19.67975669
WEST FELICIANA,22125,14.29035401
WESTCHESTER,36119,13.9178902
WESTMORELAND,42129,44.87683364
WESTMORELAND,51193,30.57480636
WESTON,56045,0
WETZEL,54103,28.15063147
WEXFORD,26165,20.50737662
WHARTON,48481,5.289071816
WHATCOM,53073,13.00109541
WHEATLAND,30107,0
WHEELER,13309,0
WHEELER,31183,0
WHEELER,41069,0
WHEELER,48483,0
WHITE,5145,15.19914682
WHITE,13311,15.90638745
WHITE,17193,0
WHITE,18181,21.47695358
WHITE,47185,26.9996625
WHITE PINE,32033,28.81014117
WHITESIDE,17195,14.88121601
WHITFIELD,13313,11.70674788
WHITLEY,18183,6.544191138
WHITLEY,21235,40.5141411
WHITMAN,53075,9.064987721
WIBAUX,30109,0
WICHITA,20203,0
WICHITA,48485,16.51610244
WICOMICO,24045,25.75087202
WILBARGER,48487,0
WILCOX,1131,0
WILCOX,13315,0
WILKES,13317,20.25111381
WILKES,37193,41.37372419
WILKIN,27167,0
WILKINSON,13319,0
WILKINSON,28157,0
WILL,17197,17.637595
WILLACY,48489,9.198362691
WILLIAMS,38105,14.07954945
WILLIAMS,39171,16.75530765
WILLIAMSBURG,45089,13.84309481
WILLIAMSBURG,51830,0
WILLIAMSON,17199,20.21294937
WILLIAMSON,47187,12.7057718
WILLIAMSON,48491,6.323970575
WILSON,20205,0
WILSON,37195,15.19972935
WILSON,47189,24.54320281
WILSON,48493,5.373455132
WINCHESTER,51840,26.01475615
WINDHAM,9015,33.61062096
WINDHAM,50025,32.42692361
WINDSOR,50027,25.57332882
WINKLER,48495,0
WINN,22127,0
WINNEBAGO,17201,38.5219862
WINNEBAGO,19189,0
WINNEBAGO,55139,16.22809648
WINNESHIEK,19191,0
WINONA,27169,12.56735316
WINSTON,1133,8.388276545
WINSTON,28159,13.13398857
WIRT,54105,0
WISE,48497,12.36353746
WISE,51195,35.80947314
WOLFE,21237,30.49372107
WOOD,39173,16.13579888
WOOD,48499,8.186357889
WOOD,54107,33.90710389
WOOD,55141,12.28397269
WOODBURY,19193,8.970358814
WOODFORD,17203,12.32393462
WOODFORD,21239,26.07741926
WOODRUFF,5147,0
WOODS,40151,0
WOODSON,20207,0
WOODWARD,40153,20.07974527
WORCESTER,24047,34.86048061
WORCESTER,25027,30.32381256
WORTH,13321,16.46983598
WORTH,19195,0
WORTH,29227,0
WRANGELL,2280,0
WRIGHT,19197,0
WRIGHT,27171,7.374919854
WRIGHT,29229,14.19927038
WYANDOT,39175,14.45635086
WYANDOTTE,20209,10.12876961
WYOMING,36121,11.78955642
WYOMING,42131,38.45595705
WYOMING,54109,73.72728278
WYTHE,51197,26.22643072
YADKIN,37197,26.03253536
YAKIMA,53077,14.58576429
YAKUTAT,2282,0
YALOBUSHA,28161,0
YAMHILL,41071,11.1073661
YANCEY,37199,30.49951427
YANKTON,46135,9.688812944
YATES,36123,16.80336067
YAVAPAI,4025,27.24476448
YAZOO,28163,13.06496919
YELL,5149,11.08299315
YELLOW MEDICINE,27173,0
YELLOWSTONE,30111,17.08350417
YOAKUM,48501,0
YOLO,6113,13.38374544
YORK,23031,30.74976199
YORK,31185,0
YORK,42133,27.68129334
YORK,45091,20.53064778
YORK,51199,10.95517262
YOUNG,48503,27.53425261
YUBA,6115,19.27112894
YUKON-KOYUKUK,2290,0
YUMA,4027,17.33127424
YUMA,8125,0
ZAPATA,48505,0
ZAVALA,48507,0
ZIEBACH,46137,0